id,displayName,description,sprite,material,group,price,fuelValue,attack,defense,attackSpeed,heated,twoHanded,bow,arrow,canKnife,equipmentSlot,specialEffect,toolKind,toolTier,buyPrice,buyPrice_status,combat_status,description_status,notionAttackIntervalSeconds,combat_source_url,shieldCooldownSeconds,shieldCooldownReduction,shield_source_url,source_status,price_status,source_url,carryWeightKg,carryWeight_status
wood,나무 원목,거친 결 사이로 숲의 향기가 감돈다. 단단하고 좋은 목질이다.,wood,0,0,10,3,0.0,0.0,1.0,False,False,False,False,False,,,,0,0,not_applicable,existing_catalog,notion,,,0,0,,notion,notion,https://app.notion.com/p/2829c4aa4b9c8200b28001334cdd98a3?v=a229c4aa4b9c8319a94c081c533026a4,1,temporary_existing_default
ore,철 원석,붉은 빛을 머금은 묵직한 원석. 불순물을 덜어내고 열로 녹여내면 유용한 자원이 된다.,ingot,2,0,20,0,0.0,0.0,1.0,False,False,False,False,False,,,,0,0,not_applicable,existing_catalog,notion,,,0,0,,notion,notion,https://app.notion.com/p/2829c4aa4b9c8200b28001334cdd98a3?v=a229c4aa4b9c8319a94c081c533026a4,1,temporary_existing_default
stone,돌 원석,인위적인 가공을 거치지 않은 거친 덩어리. 세월의 풍파를 견뎌낸 만큼 단단하다.,ore,1,0,9,0,0.0,0.0,1.0,False,False,False,False,False,,,,0,0,not_applicable,existing_catalog,notion,,,0,0,,notion,notion,https://app.notion.com/p/2829c4aa4b9c8200b28001334cdd98a3?v=a229c4aa4b9c8319a94c081c533026a4,1,temporary_existing_default
coal,석탄,"검은 빛을 띈 광물. 불길을 머금으면, 오랜 시간 열기를 유지할 수 있다.",coal,5,0,15,6,0.0,0.0,1.0,False,False,False,False,False,,,,0,0,not_applicable,existing_catalog,notion,,,0,0,,notion,notion,https://app.notion.com/p/2829c4aa4b9c8200b28001334cdd98a3?v=a229c4aa4b9c8319a94c081c533026a4,1,temporary_existing_default
hot_iron,달궈진 철,불길을 머금어 붉게 달아오른 상태. 지금이 형태를 잡기 딱 좋은 시점이다.,ingot,2,1,30,0,0.0,0.0,1.0,True,False,False,False,False,,,,0,0,not_applicable,existing_catalog,notion,,,0,0,,notion_values,notion,https://app.notion.com/p/0259c4aa4b9c83b89cb001940efeca42?v=e319c4aa4b9c83a691e40808c4193fb9,1,temporary_existing_default
hot_plate,달궈진 철판,달아오른 철을 마구 두드려 얇게 편 상태. 아직도 뜨겁다.,plate,2,1,35,0,0.0,0.0,1.0,True,False,False,False,False,,,,0,0,not_applicable,existing_catalog,notion,,,0,0,,notion_values,notion,https://app.notion.com/p/0259c4aa4b9c83b89cb001940efeca42?v=e319c4aa4b9c83a691e40808c4193fb9,1,temporary_existing_default
ingot,철 덩어리,레시피 문서 기반. 전용 아이콘과 장비 수치는 미지정.,ingot,2,1,0,0,0.0,0.0,1.0,False,False,False,False,False,,,,0,0,not_applicable,existing_catalog,existing_catalog,,,0,0,,existing_catalog,unset,,1,temporary_existing_default
plate,철판,얇게 잘 펴낸 철을 물에 잘 식힌 철판. 뒤틀린 곳 없이 깔끔하다.,plate,2,1,40,0,0.0,0.0,1.0,False,False,False,False,False,,,,0,0,not_applicable,existing_catalog,notion,,,0,0,,notion_values,notion,https://app.notion.com/p/0259c4aa4b9c83b89cb001940efeca42?v=e319c4aa4b9c83a691e40808c4193fb9,1,temporary_existing_default
blade,긴 철 칼날,길게 모양을 내어 펴낸 철을 물에 잘 식힌 기다란 칼날 모양의 철. 날이 서있지는 않지만 금이 간 곳 없이 튼튼하다.,ingot,2,1,40,0,0.0,0.0,1.0,False,False,False,False,False,,,,0,0,not_applicable,existing_catalog,notion,,,0,0,,notion_values,notion,https://app.notion.com/p/0259c4aa4b9c83b89cb001940efeca42?v=e319c4aa4b9c83a691e40808c4193fb9,1,temporary_existing_default
handle,나무 자루,손에 착 감기는 그립감의 목재 손잡이. 적당한 균형이 핵심이다.,wood,0,1,12,3,0.0,0.0,1.0,False,False,False,False,False,,,,0,0,not_applicable,existing_catalog,notion,,,0,0,,notion_values,notion,https://app.notion.com/p/0259c4aa4b9c83b89cb001940efeca42?v=e319c4aa4b9c83a691e40808c4193fb9,1,temporary_existing_default
plank,나무 판자,표면을 평평하게 밀어낸 판자. 다양한 목재 제작물의 뼈대가 된다.,wood,0,1,13,3,0.0,0.0,1.0,False,False,False,False,False,,,,0,0,not_applicable,existing_catalog,notion,,,0,0,,notion_values,notion,https://app.notion.com/p/0259c4aa4b9c83b89cb001940efeca42?v=e319c4aa4b9c83a691e40808c4193fb9,1,temporary_existing_default
smooth_wood,다듬어진 나무 원목,거진 껍질을 벗겨내고 울퉁불퉁한 곳을 깎아낸 매끈한 나무.,wood,0,1,14,3,0.0,0.0,1.0,False,False,False,False,False,,,,0,0,not_applicable,existing_catalog,notion,,,0,0,,notion_values,notion,https://app.notion.com/p/0259c4aa4b9c83b89cb001940efeca42?v=e319c4aa4b9c83a691e40808c4193fb9,1,temporary_existing_default
stone_piece,석재 부품,테스트용 데이터,ore,1,1,10,0,0.0,0.0,1.0,False,False,False,False,False,,,,0,0,not_applicable,existing_catalog,existing_catalog,,,0,0,,existing_catalog,provisional,,1,temporary_existing_default
leather_prepared,손질된 가죽,레시피 문서 기반. 전용 아이콘과 장비 수치는 미지정.,leather,5,1,0,0,0.0,0.0,1.0,False,False,False,False,False,,,,0,0,not_applicable,existing_catalog,existing_catalog,,,0,0,,existing_catalog,unset,,1,temporary_existing_default
leather,가공된 가죽,레시피 문서 기반. 전용 아이콘과 장비 수치는 미지정.,leather,5,1,0,0,0.0,0.0,1.0,False,False,False,False,False,,,,0,0,not_applicable,existing_catalog,existing_catalog,,,0,0,,existing_catalog,unset,,1,temporary_existing_default
sword,철 검,표준적인 모양새로 만들어진 철 검. 훌륭한 내구도를 자랑한다.,sword,3,2,120,0,32,0.0,1.0,False,False,False,False,False,Weapon,,,0,0,not_applicable,notion,notion,0.9,https://app.notion.com/p/8519c4aa4b9c83eabda5014535c69067?v=0619c4aa4b9c829a9fc388f78771d21a,0,0,,notion_values,notion,https://app.notion.com/p/8519c4aa4b9c83eabda5014535c69067?v=0619c4aa4b9c829a9fc388f78771d21a,1,temporary_existing_default
shield,든든한 철 방패,가벼움과 단단함을 둘 다 잡아낸 방패. 밸런스와 무게감이 적당하다.,shield,4,2,150,0,0.0,0.0,1.0,False,False,False,False,False,Shield,,,0,0,not_applicable,existing_catalog,notion,,,6,0.65,https://app.notion.com/p/c589c4aa4b9c831db4a8819a2bf3f79c?v=be89c4aa4b9c8317a577888fdeaa14cf,notion_values,notion,https://app.notion.com/p/c589c4aa4b9c831db4a8819a2bf3f79c?v=be89c4aa4b9c8317a577888fdeaa14cf,1,temporary_existing_default
bow,활,탄성이 뛰어난 나뭇가지와 실을 엮어 만든 활. 그리 뛰어나진 않지만 부족하지도 않다.,wood,3,2,35,0,0.0,0.0,1.0,False,True,True,False,False,Weapon,,,0,0,not_applicable,existing_catalog,notion,,,0,0,,notion_values,notion,https://app.notion.com/p/8519c4aa4b9c83eabda5014535c69067?v=0619c4aa4b9c829a9fc388f78771d21a,1,temporary_existing_default
arrow,철 화살,바람을 가르고 빠르게 쇄도할 수 있는 화살. 치명타에 가까운 효과를 낼 수 있다.,arrow,5,2,6,0,25,0.0,1.0,False,False,False,True,False,Arrow,,,0,0,not_applicable,notion,notion,,https://app.notion.com/p/8519c4aa4b9c83eabda5014535c69067?v=0619c4aa4b9c829a9fc388f78771d21a,0,0,,notion_values,notion,https://app.notion.com/p/8519c4aa4b9c83eabda5014535c69067?v=0619c4aa4b9c829a9fc388f78771d21a,1,temporary_existing_default
warhammer,둔탁한 철제 망치,거대한 철 덩어리를 통채로 꽂아 만든 파괴적인 무기. 다듬어지지 않은 모양새가 그 분위기를 더한다.,hammer,3,2,135,0,40,0.0,1.0,False,True,False,False,False,Weapon,,,0,0,not_applicable,notion,notion,2,https://app.notion.com/p/8519c4aa4b9c83eabda5014535c69067?v=0619c4aa4b9c829a9fc388f78771d21a,0,0,,notion_values,notion,https://app.notion.com/p/8519c4aa4b9c83eabda5014535c69067?v=0619c4aa4b9c829a9fc388f78771d21a,1,temporary_existing_default
armor,철 흉갑,철판을 덧대어 튼튼하게 만든 정석적인 흉갑. 입기만 해도 든든한 기분이 든다.,shield,4,2,145,0,0.0,5,1.0,False,False,False,False,False,Armor,,,0,0,not_applicable,notion,notion,,https://app.notion.com/p/c589c4aa4b9c831db4a8819a2bf3f79c?v=be89c4aa4b9c8317a577888fdeaa14cf,0,0,,notion_values,notion,https://app.notion.com/p/c589c4aa4b9c831db4a8819a2bf3f79c?v=be89c4aa4b9c8317a577888fdeaa14cf,1,temporary_existing_default
burnt,다 타버린 무언가,한 때는 유용한 재료였을 무언가. 용광로의 거센 불길에 잡아먹히고 말았다.,scrap,5,1,3,1,0.0,0.0,1.0,False,False,False,False,False,,,,0,0,not_applicable,existing_catalog,notion,,,0,0,,notion_values,notion,https://app.notion.com/p/ca29c4aa4b9c834eacf481d5da9373d9?v=e069c4aa4b9c83d7928a88f435ec4c46,1,temporary_existing_default
dented,찌그러진 금속 덩어리,엉뚱한 곳을 두드리다보니 어느새 걷잡을 수 없이 찌그러진 금속 덩어리. 다시 되돌리려 애쓰는 동안 완전히 식어버려 모양을 잡을 수도 없다.,scrap,2,1,4,0,0.0,0.0,1.0,False,False,False,False,False,,,,0,0,not_applicable,existing_catalog,notion,,,0,0,,notion_values,notion,https://app.notion.com/p/ca29c4aa4b9c834eacf481d5da9373d9?v=e069c4aa4b9c83d7928a88f435ec4c46,1,temporary_existing_default
cracked,금이 가버린 금속 조각,온도 조절 실패로 금이 가버린 금속 조각. 쏟아부은 시간이 한 순간에 날아가버려 허무함이 느껴지는 아픈 조각이다.,scrap,2,1,4,0,0.0,0.0,1.0,False,False,False,False,False,,,,0,0,not_applicable,existing_catalog,notion,,,0,0,,notion_values,notion,https://app.notion.com/p/ca29c4aa4b9c834eacf481d5da9373d9?v=e069c4aa4b9c83d7928a88f435ec4c46,1,temporary_existing_default
twisted_leather,뒤틀려버린 가죽,물에 불리고 건조 하는 과정에서 어딘가 문제가 생긴 가죽. 완전히 뒤틀려 다시 복구할 수도 없다.,scrap,5,1,5,0,0.0,0.0,1.0,False,False,False,False,False,,,,0,0,not_applicable,existing_catalog,notion,,,0,0,,notion_values,notion,https://app.notion.com/p/ca29c4aa4b9c834eacf481d5da9373d9?v=e069c4aa4b9c83d7928a88f435ec4c46,1,temporary_existing_default
tangled,알아볼 수 없게 뒤엉킨 무언가,부품들을 억지로 엮어내다가 끔찍한 혼종이 탄생하고 말았다. 어디서부터 풀어내야할지 감도 오지 않아 어디에도 쓸 데가 없다.,scrap,5,1,3,0,0.0,0.0,1.0,False,False,False,False,False,,,,0,0,not_applicable,existing_catalog,notion,,,0,0,,notion_values,notion,https://app.notion.com/p/ca29c4aa4b9c834eacf481d5da9373d9?v=e069c4aa4b9c83d7928a88f435ec4c46,1,temporary_existing_default
knife_scrap,기괴하게 깎여버린 나무 조각,손이 미끄러지는 바람에 기괴한 모양이 되어버린 나무 조각. 신기하게 생겼다.,scrap,0,1,3,1,0.0,0.0,1.0,False,False,False,False,False,,,,0,0,not_applicable,existing_catalog,notion,,,0,0,,notion_values,notion,https://app.notion.com/p/ca29c4aa4b9c834eacf481d5da9373d9?v=e069c4aa4b9c83d7928a88f435ec4c46,1,temporary_existing_default
plane_scrap,울퉁불퉁 이상한 나무 조각,힘 조절이 잘못되어 울퉁불퉁한 표면을 가지게 되어버린 나무 조각. 수습하지 못할 정도로 절묘하게 망가졌다.,scrap,0,1,3,1,0.0,0.0,1.0,False,False,False,False,False,,,,0,0,not_applicable,existing_catalog,notion,,,0,0,,notion_values,notion,https://app.notion.com/p/ca29c4aa4b9c834eacf481d5da9373d9?v=e069c4aa4b9c83d7928a88f435ec4c46,1,temporary_existing_default
saw_scrap,어중간하게 잘못 잘린 나무 조각,손이 삐끗해 삐뚤빼뚤하게 잘려나간 어중간한 크기의 나무 조각.,scrap,0,1,3,1,0.0,0.0,1.0,False,False,False,False,False,,,,0,0,not_applicable,existing_catalog,notion,,,0,0,,notion_values,notion,https://app.notion.com/p/ca29c4aa4b9c834eacf481d5da9373d9?v=e069c4aa4b9c83d7928a88f435ec4c46,1,temporary_existing_default
tiny_scrap,너무 작아져버린 무언가,지나친 완벽주의가 부른 대참사. 갈고 또 갈다보니 가루가 되기 직전이다.,scrap,5,1,3,0,0.0,0.0,1.0,False,False,False,False,False,,,,0,0,not_applicable,existing_catalog,notion,,,0,0,,notion_values,notion,https://app.notion.com/p/ca29c4aa4b9c834eacf481d5da9373d9?v=e069c4aa4b9c83d7928a88f435ec4c46,1,temporary_existing_default
stone_scrap,산산조각난 무언가,힘 조절에 실패하여 건질 조각도 없이 전부 부서져버린 무언가.,scrap,5,1,3,0,0.0,0.0,1.0,False,False,False,False,False,,,,0,0,not_applicable,existing_catalog,notion,,,0,0,,notion_values,notion,https://app.notion.com/p/ca29c4aa4b9c834eacf481d5da9373d9?v=e069c4aa4b9c83d7928a88f435ec4c46,1,temporary_existing_default
branch,나뭇가지,흔하게 굴러다니는 나뭇가지. 볼품없지만 질긴 성질을 가지고 있다.,wood,0,0,5,3,5,0.0,1.0,False,False,False,False,False,,,,0,0,not_applicable,notion,notion,0.6,https://app.notion.com/p/8519c4aa4b9c83eabda5014535c69067?v=0619c4aa4b9c829a9fc388f78771d21a,0,0,,notion,notion,https://app.notion.com/p/2829c4aa4b9c8200b28001334cdd98a3?v=a229c4aa4b9c8319a94c081c533026a4,1,temporary_existing_default
vine,덩굴,레시피 문서 기반. 전용 아이콘과 장비 수치는 미지정.,wood,0,0,0,3,0.0,0.0,1.0,False,False,False,False,False,,,,0,0,not_applicable,existing_catalog,existing_catalog,,,0,0,,existing_catalog,unset,,1,temporary_existing_default
feather,깃털,완벽한 모양을 띄고 있는 깃털. 부드러우면서도 탄력이 있다.,leather,5,0,8,0,0.0,0.0,1.0,False,False,False,False,False,,,,0,0,not_applicable,existing_catalog,notion,,,0,0,,notion_values,notion,https://app.notion.com/p/a859c4aa4b9c836dbc0d81f0030420ad?v=e809c4aa4b9c82acba6d087c8b3c72ae,1,temporary_existing_default
slime,이끼 슬라임의 점액,왠만한 접착제보다 더 진득거리는 점액. 작은 이끼 조각들이 둥둥 떠다닌다.,leather,5,0,15,0,0.0,0.0,1.0,False,False,False,False,False,,,,0,0,not_applicable,existing_catalog,notion,,,0,0,,notion_values,notion,https://app.notion.com/p/a859c4aa4b9c836dbc0d81f0030420ad?v=e809c4aa4b9c82acba6d087c8b3c72ae,1,temporary_existing_default
fang,날카로운 송곳니,아직까지 피를 빨아들이는 듯한 신비한 송곳니. 무척 날카롭고 예리하다.,leather,5,0,25,0,0.0,0.0,1.0,False,False,False,False,False,,,,0,0,not_applicable,existing_catalog,notion,,,0,0,,notion_values,notion,https://app.notion.com/p/a859c4aa4b9c836dbc0d81f0030420ad?v=e809c4aa4b9c82acba6d087c8b3c72ae,1,temporary_existing_default
golem_core,골렘의 핵,엄청난 에너지가 응축된 힘이 느껴진다. 거대한 바위에게 생명을 불어넣은 동력원이다.,leather,5,0,40,0,0.0,0.0,1.0,False,False,False,False,False,,,,0,0,not_applicable,existing_catalog,notion,,,0,0,,notion_values,notion,https://app.notion.com/p/a859c4aa4b9c836dbc0d81f0030420ad?v=e809c4aa4b9c82acba6d087c8b3c72ae,1,temporary_existing_default
fire_crystal,불꽃 결정,레시피 문서 기반. 전용 아이콘과 장비 수치는 미지정.,leather,5,0,0,0,0.0,0.0,1.0,False,False,False,False,False,,,,0,0,not_applicable,existing_catalog,existing_catalog,,,0,0,,existing_catalog,unset,,1,temporary_existing_default
fire_stone,화염석,레시피 문서 기반. 전용 아이콘과 장비 수치는 미지정.,leather,5,0,0,0,0.0,0.0,1.0,False,False,False,False,False,,,,0,0,not_applicable,existing_catalog,existing_catalog,,,0,0,,existing_catalog,unset,,1,temporary_existing_default
wind_particle,바람 입자,레시피 문서 기반. 전용 아이콘과 장비 수치는 미지정.,leather,5,0,0,0,0.0,0.0,1.0,False,False,False,False,False,,,,0,0,not_applicable,existing_catalog,existing_catalog,,,0,0,,existing_catalog,unset,,1,temporary_existing_default
gale_stone,돌풍석,레시피 문서 기반. 전용 아이콘과 장비 수치는 미지정.,leather,5,0,0,0,0.0,0.0,1.0,False,False,False,False,False,,,,0,0,not_applicable,existing_catalog,existing_catalog,,,0,0,,existing_catalog,unset,,1,temporary_existing_default
wind_feather,풍향 계의 깃털,레시피 문서 기반. 전용 아이콘과 장비 수치는 미지정.,leather,5,0,0,0,0.0,0.0,1.0,False,False,False,False,False,,,,0,0,not_applicable,existing_catalog,existing_catalog,,,0,0,,existing_catalog,unset,,1,temporary_existing_default
obsidian,흑요석 조각,레시피 문서 기반. 전용 아이콘과 장비 수치는 미지정.,ore,1,0,0,0,0.0,0.0,1.0,False,False,False,False,False,,,,0,0,not_applicable,existing_catalog,existing_catalog,,,0,0,,existing_catalog,unset,,1,temporary_existing_default
fiber,섬유,대패로 나무를 얇게 깎아 얻어낸 섬유질. 거칠지만 질기고 유연하다.,wood,0,1,3,0,0.0,0.0,1.0,False,False,False,False,False,,,,0,0,not_applicable,existing_catalog,notion,,,0,0,,notion_values,notion,https://app.notion.com/p/0259c4aa4b9c83b89cb001940efeca42?v=e319c4aa4b9c83a691e40808c4193fb9,1,temporary_existing_default
thread,실,섬유를 꼬아 만든 실. 가죽을 꿰매거나 작은 부품을 고정하는 등 유용하게 쓰여진다.,wood,0,1,10,0,0.0,0.0,1.0,False,False,False,False,False,,,,0,0,not_applicable,existing_catalog,notion,,,0,0,,notion_values,notion,https://app.notion.com/p/0259c4aa4b9c83b89cb001940efeca42?v=e319c4aa4b9c83a691e40808c4193fb9,1,temporary_existing_default
rope,밧줄,나름 튼튼한 밧줄. 나쁘지 않게 잘 버텨준다.,wood,0,1,35,0,0.0,0.0,1.0,False,False,False,False,False,,,,0,0,not_applicable,existing_catalog,notion,,,0,0,,notion_values,notion,https://app.notion.com/p/0259c4aa4b9c83b89cb001940efeca42?v=e319c4aa4b9c83a691e40808c4193fb9,1,temporary_existing_default
wood_long_blade,긴 나무 칼날,날을 뾰족하게 갈아낸 기다란 목재. 예리하진 않아도 나름 위협적이다.,wood,0,1,18,3,0.0,0.0,1.0,False,False,False,False,False,,,,0,0,not_applicable,existing_catalog,notion,,,0,0,,notion_values,notion,https://app.notion.com/p/0259c4aa4b9c83b89cb001940efeca42?v=e319c4aa4b9c83a691e40808c4193fb9,1,temporary_existing_default
wood_block,나무 토막,적당한 크기로 잘라낸 나무. 작은 부품으로 가공하기 좋은 크기다.,wood,0,1,8,3,0.0,0.0,1.0,False,False,False,False,False,,,,0,0,not_applicable,existing_catalog,notion,,,0,0,,notion_values,notion,https://app.notion.com/p/0259c4aa4b9c83b89cb001940efeca42?v=e319c4aa4b9c83a691e40808c4193fb9,1,temporary_existing_default
wood_short_blade,짧은 나무 칼날,날을 뾰족하게 갈아낸 짧은 목재. 예리하진 않아도 나름 위협적이다.,wood,0,1,13,3,0.0,0.0,1.0,False,False,False,False,False,,,,0,0,not_applicable,existing_catalog,notion,,,0,0,,notion_values,notion,https://app.notion.com/p/0259c4aa4b9c83b89cb001940efeca42?v=e319c4aa4b9c83a691e40808c4193fb9,1,temporary_existing_default
trimmed_branch,다듬은 나뭇가지,잔가시를 쳐내고 질긴 핵심 부분만 남겨 곧게 편 나뭇가지. 탄력이 아주 좋다.,wood,0,1,8,3,0.0,0.0,1.0,False,False,False,False,False,,,,0,0,not_applicable,existing_catalog,notion,,,0,0,,notion_values,notion,https://app.notion.com/p/0259c4aa4b9c83b89cb001940efeca42?v=e319c4aa4b9c83a691e40808c4193fb9,1,temporary_existing_default
wood_sword,나무 검,"잘 깎여진 목검. 수련용으로 적합하지만, 아쉬운 대로 쓸만하다.",sword,3,2,40,0,12,0.0,1.0,False,False,False,False,False,Weapon,,,0,0,not_applicable,notion,notion,1,https://app.notion.com/p/8519c4aa4b9c83eabda5014535c69067?v=0619c4aa4b9c829a9fc388f78771d21a,0,0,,notion_values,notion,https://app.notion.com/p/8519c4aa4b9c83eabda5014535c69067?v=0619c4aa4b9c829a9fc388f78771d21a,1,temporary_existing_default
wood_shield,조잡한 나무 방패,나무 판자를 엉성하게 엮어낸 방패. 믿음직스럽지는 못하지만 가벼워 즉각적으로 공격을 막아내기 좋다.,shield,4,2,110,0,0.0,0.0,1.0,False,False,False,False,False,Shield,,,0,0,not_applicable,existing_catalog,notion,,,5,0.5,https://app.notion.com/p/c589c4aa4b9c831db4a8819a2bf3f79c?v=be89c4aa4b9c8317a577888fdeaa14cf,notion_values,notion,https://app.notion.com/p/c589c4aa4b9c831db4a8819a2bf3f79c?v=be89c4aa4b9c8317a577888fdeaa14cf,1,temporary_existing_default
wood_dagger,나무 단검,"가볍게 깎여진 나무 단검. 수련용으로 적합하지만, 아쉬운 대로 쓸만하다.",sword,3,2,35,0,7,0.0,1.0,False,False,False,False,False,Weapon,,,0,0,not_applicable,notion,notion,0.6,https://app.notion.com/p/8519c4aa4b9c83eabda5014535c69067?v=0619c4aa4b9c829a9fc388f78771d21a,0,0,,notion_values,notion,https://app.notion.com/p/8519c4aa4b9c83eabda5014535c69067?v=0619c4aa4b9c829a9fc388f78771d21a,1,temporary_existing_default
wood_hammer,투박한 나무 망치,통나무의 무게가 온전히 실린 거친 망치. 살짝만 스쳐도 뼈가 저릴 정도다.,hammer,3,2,65,0,20,0.0,1.0,False,False,False,False,False,Weapon,,,0,0,not_applicable,notion,notion,1.8,https://app.notion.com/p/8519c4aa4b9c83eabda5014535c69067?v=0619c4aa4b9c829a9fc388f78771d21a,0,0,,notion_values,notion,https://app.notion.com/p/8519c4aa4b9c83eabda5014535c69067?v=0619c4aa4b9c829a9fc388f78771d21a,1,temporary_existing_default
sharp_branch,날카로운 나뭇가지,집념으로 나뭇가지를 계속해서 갈아낸 결과물. 나름 날카롭고 가볍다.,wood,3,2,15,0,13,0.0,1.0,False,False,False,False,False,Weapon,,,0,0,not_applicable,notion,notion,0.6,https://app.notion.com/p/8519c4aa4b9c83eabda5014535c69067?v=0619c4aa4b9c829a9fc388f78771d21a,0,0,,notion_values,notion,https://app.notion.com/p/8519c4aa4b9c83eabda5014535c69067?v=0619c4aa4b9c829a9fc388f78771d21a,1,temporary_existing_default
stone_slab,판석,최대한 평평하게 표면을 갈아낸 돌판. 매끈한 표면을 바라보면 마음이 편안해진다.,ore,1,1,15,0,0.0,0.0,1.0,False,False,False,False,False,,,,0,0,not_applicable,existing_catalog,notion,,,0,0,,notion_values,notion,https://app.notion.com/p/0259c4aa4b9c83b89cb001940efeca42?v=e319c4aa4b9c83a691e40808c4193fb9,1,temporary_existing_default
stone_long_blade,긴 돌 칼날,날을 세운 긴 돌판. 투박하지만 나름 날카롭다.,ore,1,1,20,0,0.0,0.0,1.0,False,False,False,False,False,,,,0,0,not_applicable,existing_catalog,notion,,,0,0,,notion_values,notion,https://app.notion.com/p/0259c4aa4b9c83b89cb001940efeca42?v=e319c4aa4b9c83a691e40808c4193fb9,1,temporary_existing_default
stone_slab_piece,판석 조각,판석을 적당한 크기로 쪼갠 조각. 가공하기 좋은 크기다.,ore,1,1,8,0,0.0,0.0,1.0,False,False,False,False,False,,,,0,0,not_applicable,existing_catalog,notion,,,0,0,,notion_values,notion,https://app.notion.com/p/0259c4aa4b9c83b89cb001940efeca42?v=e319c4aa4b9c83a691e40808c4193fb9,1,temporary_existing_default
stone_short_blade,짧은 돌 칼날,날을 세운 짧은 돌판. 투박하지만 나름 날카롭다.,ore,1,1,14,0,0.0,0.0,1.0,False,False,False,False,False,,,,0,0,not_applicable,existing_catalog,notion,,,0,0,,notion_values,notion,https://app.notion.com/p/0259c4aa4b9c83b89cb001940efeca42?v=e319c4aa4b9c83a691e40808c4193fb9,1,temporary_existing_default
trimmed_stone,다듬어진 돌,적절하게 힘을 줘가며 가공하기 좋은 모양으로 다듬어낸 돌 덩어리.,ore,1,1,14,0,0.0,0.0,1.0,False,False,False,False,False,,,,0,0,not_applicable,existing_catalog,notion,,,0,0,,notion_values,notion,https://app.notion.com/p/0259c4aa4b9c83b89cb001940efeca42?v=e319c4aa4b9c83a691e40808c4193fb9,1,temporary_existing_default
small_stone,작은 돌 조각,의도대로 작게 쪼갠 돌 조각. 나름 균일한 모양새를 띄고 있다.,ore,1,1,6,0,0.0,0.0,1.0,False,False,False,False,False,,,,0,0,not_applicable,existing_catalog,notion,,,0,0,,notion_values,notion,https://app.notion.com/p/0259c4aa4b9c83b89cb001940efeca42?v=e319c4aa4b9c83a691e40808c4193fb9,1,temporary_existing_default
stone_arrowhead,돌 화살촉,날카롭게 갈아낸 작은 돌 조각.,ore,1,1,10,0,0.0,0.0,1.0,False,False,False,False,False,,,,0,0,not_applicable,existing_catalog,notion,,,0,0,,notion_values,notion,https://app.notion.com/p/0259c4aa4b9c83b89cb001940efeca42?v=e319c4aa4b9c83a691e40808c4193fb9,1,temporary_existing_default
stone_sword,돌 검,날카롭게 날이 세워진 날을 자랑하는 돌 검. 밸런스가 좋아 휘두르기 좋다.,sword,3,2,90,0,20,0.0,1.0,False,False,False,False,False,Weapon,,,0,0,not_applicable,notion,notion,1,https://app.notion.com/p/8519c4aa4b9c83eabda5014535c69067?v=0619c4aa4b9c829a9fc388f78771d21a,0,0,,notion_values,notion,https://app.notion.com/p/8519c4aa4b9c83eabda5014535c69067?v=0619c4aa4b9c829a9fc388f78771d21a,1,temporary_existing_default
stone_dagger,돌 단검,날카롭게 날이 세워진 날을 자랑하는 돌 단검. 밸런스가 좋아 빠르게 휘두르는 것이 편하다.,sword,3,2,85,0,12,0.0,1.0,False,False,False,False,False,Weapon,,,0,0,not_applicable,notion,notion,0.6,https://app.notion.com/p/8519c4aa4b9c83eabda5014535c69067?v=0619c4aa4b9c829a9fc388f78771d21a,0,0,,notion_values,notion,https://app.notion.com/p/8519c4aa4b9c83eabda5014535c69067?v=0619c4aa4b9c829a9fc388f78771d21a,1,temporary_existing_default
stone_shield,무거운 돌 방패,돌판을 단단하게 묶어 만들어낸 방패. 아주 무겁지만 믿음직스럽다.,shield,4,2,100,0,0.0,0.0,1.0,False,False,False,False,False,Shield,,,0,0,not_applicable,existing_catalog,notion,,,8,0.8,https://app.notion.com/p/c589c4aa4b9c831db4a8819a2bf3f79c?v=be89c4aa4b9c8317a577888fdeaa14cf,notion_values,notion,https://app.notion.com/p/c589c4aa4b9c831db4a8819a2bf3f79c?v=be89c4aa4b9c8317a577888fdeaa14cf,1,temporary_existing_default
stone_hammer,무식한 돌 망치,커다란 돌 덩어리를 그대로 매달아 만든 망치. 휘두르기도 버겁다.,hammer,3,2,65,0,35,0.0,1.0,False,False,False,False,False,Weapon,,,0,0,not_applicable,notion,notion,1.9,https://app.notion.com/p/8519c4aa4b9c83eabda5014535c69067?v=0619c4aa4b9c829a9fc388f78771d21a,0,0,,notion_values,notion,https://app.notion.com/p/8519c4aa4b9c83eabda5014535c69067?v=0619c4aa4b9c829a9fc388f78771d21a,1,temporary_existing_default
stone_arrow,돌 화살,뾰족한 돌을 달아 만든 화살. 빠른 속도로 날아들면 치명적이진 않더라도 꽤나 아플 것이다.,arrow,5,2,4,0,15,0.0,1.0,False,False,False,True,False,Arrow,,,0,0,not_applicable,notion,notion,,https://app.notion.com/p/8519c4aa4b9c83eabda5014535c69067?v=0619c4aa4b9c829a9fc388f78771d21a,0,0,,notion_values,notion,https://app.notion.com/p/8519c4aa4b9c83eabda5014535c69067?v=0619c4aa4b9c829a9fc388f78771d21a,1,temporary_existing_default
adhesive,강력한 접착제,레시피 문서 기반. 전용 아이콘과 장비 수치는 미지정.,leather,5,1,0,0,0.0,0.0,1.0,False,False,False,False,False,,,,0,0,not_applicable,existing_catalog,existing_catalog,,,0,0,,existing_catalog,unset,,1,temporary_existing_default
raw_leather,가죽,숲의 향기가 가득 베어있는 질긴 가죽. 거칠지만 다듬으면 쓸만할 가죽이다.,leather,5,0,15,0,0.0,0.0,1.0,False,False,False,False,True,,,,0,0,not_applicable,existing_catalog,notion,,,0,0,,notion_values,notion,https://app.notion.com/p/a859c4aa4b9c836dbc0d81f0030420ad?v=e809c4aa4b9c82acba6d087c8b3c72ae,1,temporary_existing_default
leather_hat,가죽 모자,질긴 가죽으로 만들어진 모자. 보호 능력이 있는지는 잘 모르겠지만 없는 것 보다는 낫다. 아마도.,shield,4,2,45,0,0.0,1,1.0,False,False,False,False,False,Head,,,0,0,not_applicable,notion,notion,,https://app.notion.com/p/c589c4aa4b9c831db4a8819a2bf3f79c?v=be89c4aa4b9c8317a577888fdeaa14cf,0,0,,notion_values,notion,https://app.notion.com/p/c589c4aa4b9c831db4a8819a2bf3f79c?v=be89c4aa4b9c8317a577888fdeaa14cf,1,temporary_existing_default
leather_vest,가죽 조끼,질긴 가죽으로 만들어진 조끼. 맨몸으로 다니는 것보다는 백번 낫다.,shield,4,2,55,0,0.0,2,1.0,False,False,False,False,False,Armor,,,0,0,not_applicable,notion,notion,,https://app.notion.com/p/c589c4aa4b9c831db4a8819a2bf3f79c?v=be89c4aa4b9c8317a577888fdeaa14cf,0,0,,notion_values,notion,https://app.notion.com/p/c589c4aa4b9c831db4a8819a2bf3f79c?v=be89c4aa4b9c8317a577888fdeaa14cf,1,temporary_existing_default
leather_pants,가죽 바지,질긴 가죽으로 만든 바지. 보호 능력은 딱히 없는 것 같지만 멋있다.,shield,4,2,75,0,0.0,2,1.0,False,False,False,False,False,Legs,,,0,0,not_applicable,notion,notion,,https://app.notion.com/p/c589c4aa4b9c831db4a8819a2bf3f79c?v=be89c4aa4b9c8317a577888fdeaa14cf,0,0,,notion_values,notion,https://app.notion.com/p/c589c4aa4b9c831db4a8819a2bf3f79c?v=be89c4aa4b9c8317a577888fdeaa14cf,1,temporary_existing_default
leather_shoes,가죽 신발,질긴 가죽으로 만든 신발. 가볍고 튼튼하다.,shield,4,2,85,0,0.0,1,1.0,False,False,False,False,False,Feet,,,0,0,not_applicable,notion,notion,,https://app.notion.com/p/c589c4aa4b9c831db4a8819a2bf3f79c?v=be89c4aa4b9c8317a577888fdeaa14cf,0,0,,notion_values,notion,https://app.notion.com/p/c589c4aa4b9c831db4a8819a2bf3f79c?v=be89c4aa4b9c8317a577888fdeaa14cf,1,temporary_existing_default
iron_head,철 투구,철판을 덧대어 만들어진 투구. 웬만한 충격은 막아줄 수 있을 것 같다.,shield,4,2,90,0,0.0,2,1.0,False,False,False,False,False,Head,,,0,0,not_applicable,notion,notion,,https://app.notion.com/p/c589c4aa4b9c831db4a8819a2bf3f79c?v=be89c4aa4b9c8317a577888fdeaa14cf,0,0,,notion_values,notion,https://app.notion.com/p/c589c4aa4b9c831db4a8819a2bf3f79c?v=be89c4aa4b9c8317a577888fdeaa14cf,1,temporary_existing_default
iron_legs,철 갑옷 하의,철판을 덧대어 만든 갑옷 하의. 보호가 필요한 부분들에만 적당히 철판이 위치해 기동성까지 잡았다.,shield,4,2,125,0,0.0,3,1.0,False,False,False,False,False,Legs,,,0,0,not_applicable,notion,notion,,https://app.notion.com/p/c589c4aa4b9c831db4a8819a2bf3f79c?v=be89c4aa4b9c8317a577888fdeaa14cf,0,0,,notion_values,notion,https://app.notion.com/p/c589c4aa4b9c831db4a8819a2bf3f79c?v=be89c4aa4b9c8317a577888fdeaa14cf,1,temporary_existing_default
iron_feet,철 신발,철판을 덧대어 만든 신발. 정교한 구조 덕에 이동에 문제는 없다.,shield,4,2,100,0,0.0,2,1.0,False,False,False,False,False,Feet,,,0,0,not_applicable,notion,notion,,https://app.notion.com/p/c589c4aa4b9c831db4a8819a2bf3f79c?v=be89c4aa4b9c8317a577888fdeaa14cf,0,0,,notion_values,notion,https://app.notion.com/p/c589c4aa4b9c831db4a8819a2bf3f79c?v=be89c4aa4b9c8317a577888fdeaa14cf,1,temporary_existing_default
iron_hot_ingot,달궈진 철괴,달아오른 철을 살살 두드려 나름 모양을 낸 상태. 아직도 뜨겁다.,ingot,2,1,38,0,0.0,0.0,1.0,True,False,False,False,False,,,,0,0,not_applicable,existing_catalog,notion,,,0,0,,notion_values,notion,https://app.notion.com/p/0259c4aa4b9c83b89cb001940efeca42?v=e319c4aa4b9c83a691e40808c4193fb9,1,temporary_existing_default
iron_ingot,철괴,모양을 낸 철을 물에 잘 식힌 철괴. 수요가 있는 보편적인 모양이다.,ingot,2,1,40,0,0.0,0.0,1.0,False,False,False,False,False,,,,0,0,not_applicable,existing_catalog,notion,,,0,0,,notion_values,notion,https://app.notion.com/p/0259c4aa4b9c83b89cb001940efeca42?v=e319c4aa4b9c83a691e40808c4193fb9,1,temporary_existing_default
iron_hot_long,달궈진 긴 철 칼날,달아오른 철을 길게 펴낸 상태. 아직도 뜨겁다.,ingot,2,1,35,0,0.0,0.0,1.0,True,False,False,False,False,,,,0,0,not_applicable,existing_catalog,notion,,,0,0,,notion_values,notion,https://app.notion.com/p/0259c4aa4b9c83b89cb001940efeca42?v=e319c4aa4b9c83a691e40808c4193fb9,1,temporary_existing_default
iron_sharp_long,날카로운 긴 철 칼날,레시피 문서 기반. 전용 아이콘과 장비 수치는 미지정.,ingot,2,1,0,0,0.0,0.0,1.0,False,False,False,False,False,,,,0,0,not_applicable,existing_catalog,existing_catalog,,,0,0,,existing_catalog,unset,,1,temporary_existing_default
iron_sharp_sword,날카로운 철 검,표준적인 모양새로 만들어진 날카로운 철 검. 훌륭한 내구도와 예리함을 자랑한다.,sword,3,2,135,0,35,0.0,1.0,False,False,False,False,False,Weapon,,,0,0,not_applicable,notion,notion,0.9,https://app.notion.com/p/8519c4aa4b9c83eabda5014535c69067?v=0619c4aa4b9c829a9fc388f78771d21a,0,0,,notion_values,notion,https://app.notion.com/p/8519c4aa4b9c83eabda5014535c69067?v=0619c4aa4b9c829a9fc388f78771d21a,1,temporary_existing_default
iron_hot_short,달궈진 짧은 철 칼날,레시피 문서 기반. 전용 아이콘과 장비 수치는 미지정.,ingot,2,1,0,0,0.0,0.0,1.0,True,False,False,False,False,,,,0,0,not_applicable,existing_catalog,existing_catalog,,,0,0,,existing_catalog,unset,,1,temporary_existing_default
iron_short,짧은 철 칼날,레시피 문서 기반. 전용 아이콘과 장비 수치는 미지정.,ingot,2,1,0,0,0.0,0.0,1.0,False,False,False,False,False,,,,0,0,not_applicable,existing_catalog,existing_catalog,,,0,0,,existing_catalog,unset,,1,temporary_existing_default
iron_dagger,철 단검,표준적인 모양새로 만들어진 철 단검. 훌륭한 내구도를 자랑한다.,sword,3,2,115,0,19,0.0,1.0,False,False,False,False,False,Weapon,,,0,0,not_applicable,notion,notion,0.5,https://app.notion.com/p/8519c4aa4b9c83eabda5014535c69067?v=0619c4aa4b9c829a9fc388f78771d21a,0,0,,notion_values,notion,https://app.notion.com/p/8519c4aa4b9c83eabda5014535c69067?v=0619c4aa4b9c829a9fc388f78771d21a,1,temporary_existing_default
iron_sharp_short,날카로운 짧은 철 칼날,레시피 문서 기반. 전용 아이콘과 장비 수치는 미지정.,ingot,2,1,0,0,0.0,0.0,1.0,False,False,False,False,False,,,,0,0,not_applicable,existing_catalog,existing_catalog,,,0,0,,existing_catalog,unset,,1,temporary_existing_default
iron_sharp_dagger,날카로운 철 단검,표준적인 모양새로 만들어진 날카로운 철 단검. 훌륭한 내구도와 예리함을 자랑한다.,sword,3,2,130,0,22,0.0,1.0,False,False,False,False,False,Weapon,,,0,0,not_applicable,notion,notion,0.5,https://app.notion.com/p/8519c4aa4b9c83eabda5014535c69067?v=0619c4aa4b9c829a9fc388f78771d21a,0,0,,notion_values,notion,https://app.notion.com/p/8519c4aa4b9c83eabda5014535c69067?v=0619c4aa4b9c829a9fc388f78771d21a,1,temporary_existing_default
iron_arrowhead,철 화살촉,레시피 문서 기반. 전용 아이콘과 장비 수치는 미지정.,ingot,2,1,0,0,0.0,0.0,1.0,False,False,False,False,False,,,,0,0,not_applicable,existing_catalog,existing_catalog,,,0,0,,existing_catalog,unset,,1,temporary_existing_default
iron_trimmed_lump,다듬어진 철 덩어리,레시피 문서 기반. 전용 아이콘과 장비 수치는 미지정.,ingot,2,1,0,0,0.0,0.0,1.0,False,False,False,False,False,,,,0,0,not_applicable,existing_catalog,existing_catalog,,,0,0,,existing_catalog,unset,,1,temporary_existing_default
iron_fine_hammer,정교한 철제 망치,거대한 철 덩어리를 통채로 꽂아 만든 파괴적인 무기. 잘 다듬어진 면들이 효율적으로 힘을 전달한다.,hammer,3,2,150,0,45,0.0,1.0,False,True,False,False,False,Weapon,,,0,0,not_applicable,notion,notion,2,https://app.notion.com/p/8519c4aa4b9c83eabda5014535c69067?v=0619c4aa4b9c829a9fc388f78771d21a,0,0,,notion_values,notion,https://app.notion.com/p/8519c4aa4b9c83eabda5014535c69067?v=0619c4aa4b9c829a9fc388f78771d21a,1,temporary_existing_default
blood_hot,달궈진 흡혈 강철,레시피 문서 기반. 전용 아이콘과 장비 수치는 미지정.,ingot,2,1,0,0,0.0,0.0,1.0,True,False,False,False,False,,,,0,0,not_applicable,existing_catalog,existing_catalog,,,0,0,,existing_catalog,unset,,1,temporary_existing_default
blood_hot_plate,달궈진 흡혈 강철판,레시피 문서 기반. 전용 아이콘과 장비 수치는 미지정.,plate,2,1,0,0,0.0,0.0,1.0,True,False,False,False,False,,,,0,0,not_applicable,existing_catalog,existing_catalog,,,0,0,,existing_catalog,unset,,1,temporary_existing_default
blood_plate,흡혈 강철판,레시피 문서 기반. 전용 아이콘과 장비 수치는 미지정.,plate,2,1,0,0,0.0,0.0,1.0,False,False,False,False,False,,,,0,0,not_applicable,existing_catalog,existing_catalog,,,0,0,,existing_catalog,unset,,1,temporary_existing_default
blood_head,흡혈 투구,철판을 덧대어 만들어진 붉은 빛의 투구. 왠만한 충격을 막아냄과 동시에 닿은 것들의 생명력을 흡수한다.,shield,4,2,150,0,0.0,1.5,1.0,False,False,False,False,False,Head,,,0,0,not_applicable,notion,notion,,https://app.notion.com/p/c589c4aa4b9c831db4a8819a2bf3f79c?v=be89c4aa4b9c8317a577888fdeaa14cf,0,0,,notion_values,notion,https://app.notion.com/p/c589c4aa4b9c831db4a8819a2bf3f79c?v=be89c4aa4b9c8317a577888fdeaa14cf,1,temporary_existing_default
blood_chest,흡혈 흉갑,철판을 덧대어 튼튼하게 만든 붉은 빛의 철제 흉갑. 닿는 모든 것의 생명력을 먹어치우기 때문에 입을 때 조심해야한다.,shield,4,2,205,0,0.0,3.5,1.0,False,False,False,False,False,Armor,,,0,0,not_applicable,notion,notion,,https://app.notion.com/p/c589c4aa4b9c831db4a8819a2bf3f79c?v=be89c4aa4b9c8317a577888fdeaa14cf,0,0,,notion_values,notion,https://app.notion.com/p/c589c4aa4b9c831db4a8819a2bf3f79c?v=be89c4aa4b9c8317a577888fdeaa14cf,1,temporary_existing_default
blood_legs,흡혈 갑옷 하의,철판을 덧대어 만든 붉은 빛의 갑옷 하의. 보호가 필요한 부분들에만 적당히 철판이 위치해 기동성까지 잡았다.,shield,4,2,185,0,0.0,2.5,1.0,False,False,False,False,False,Legs,,,0,0,not_applicable,notion,notion,,https://app.notion.com/p/c589c4aa4b9c831db4a8819a2bf3f79c?v=be89c4aa4b9c8317a577888fdeaa14cf,0,0,,notion_values,notion,https://app.notion.com/p/c589c4aa4b9c831db4a8819a2bf3f79c?v=be89c4aa4b9c8317a577888fdeaa14cf,1,temporary_existing_default
blood_feet,흡혈 신발,철판을 덧대어 만든 붉은 빛의 신발. 정교한 구조 덕에 이동에 문제는 없다.,shield,4,2,160,0,0.0,1.5,1.0,False,False,False,False,False,Feet,,,0,0,not_applicable,notion,notion,,https://app.notion.com/p/c589c4aa4b9c831db4a8819a2bf3f79c?v=be89c4aa4b9c8317a577888fdeaa14cf,0,0,,notion_values,notion,https://app.notion.com/p/c589c4aa4b9c831db4a8819a2bf3f79c?v=be89c4aa4b9c8317a577888fdeaa14cf,1,temporary_existing_default
blood_shield,든든한 흡혈 방패,가볍고 단단한 붉은 빛의 방패. 공격을 막아냄과 동시에 적의 생명력을 먹어치운다.,shield,4,2,210,0,0.0,0.0,1.0,False,False,False,False,False,Shield,,,0,0,not_applicable,existing_catalog,notion,,,7,0.6,https://app.notion.com/p/c589c4aa4b9c831db4a8819a2bf3f79c?v=be89c4aa4b9c8317a577888fdeaa14cf,notion_values,notion,https://app.notion.com/p/c589c4aa4b9c831db4a8819a2bf3f79c?v=be89c4aa4b9c8317a577888fdeaa14cf,1,temporary_existing_default
blood_hot_ingot,달궈진 흡혈 강철괴,레시피 문서 기반. 전용 아이콘과 장비 수치는 미지정.,ingot,2,1,0,0,0.0,0.0,1.0,True,False,False,False,False,,,,0,0,not_applicable,existing_catalog,existing_catalog,,,0,0,,existing_catalog,unset,,1,temporary_existing_default
blood_ingot,흡혈 강철괴,레시피 문서 기반. 전용 아이콘과 장비 수치는 미지정.,ingot,2,1,0,0,0.0,0.0,1.0,False,False,False,False,False,,,,0,0,not_applicable,existing_catalog,existing_catalog,,,0,0,,existing_catalog,unset,,1,temporary_existing_default
blood_hot_long,달궈진 긴 흡혈 칼날,레시피 문서 기반. 전용 아이콘과 장비 수치는 미지정.,ingot,2,1,0,0,0.0,0.0,1.0,True,False,False,False,False,,,,0,0,not_applicable,existing_catalog,existing_catalog,,,0,0,,existing_catalog,unset,,1,temporary_existing_default
blood_long,긴 흡혈 칼날,레시피 문서 기반. 전용 아이콘과 장비 수치는 미지정.,ingot,2,1,0,0,0.0,0.0,1.0,False,False,False,False,False,,,,0,0,not_applicable,existing_catalog,existing_catalog,,,0,0,,existing_catalog,unset,,1,temporary_existing_default
blood_sword,흡혈 검,붉은 빛이 도는 칼날의 검. 손에서 웅웅 울리는 듯한 감각이 느껴진다.,sword,3,2,180,0,28,0.0,1.0,False,False,False,False,False,Weapon,,,0,0,not_applicable,notion,notion,1,https://app.notion.com/p/8519c4aa4b9c83eabda5014535c69067?v=0619c4aa4b9c829a9fc388f78771d21a,0,0,,notion_values,notion,https://app.notion.com/p/8519c4aa4b9c83eabda5014535c69067?v=0619c4aa4b9c829a9fc388f78771d21a,1,temporary_existing_default
blood_sharp_long,날카로운 긴 흡혈 칼날,레시피 문서 기반. 전용 아이콘과 장비 수치는 미지정.,ingot,2,1,0,0,0.0,0.0,1.0,False,False,False,False,False,,,,0,0,not_applicable,existing_catalog,existing_catalog,,,0,0,,existing_catalog,unset,,1,temporary_existing_default
blood_sharp_sword,날카로운 흡혈 검,붉은 빛이 도는 날카로운 칼날의 검. 날이 베어낸 상처의 피를 전부 먹어치운다.,sword,3,2,195,0,31,0.0,1.0,False,False,False,False,False,Weapon,,,0,0,not_applicable,notion,notion,1,https://app.notion.com/p/8519c4aa4b9c83eabda5014535c69067?v=0619c4aa4b9c829a9fc388f78771d21a,0,0,,notion_values,notion,https://app.notion.com/p/8519c4aa4b9c83eabda5014535c69067?v=0619c4aa4b9c829a9fc388f78771d21a,1,temporary_existing_default
blood_hot_short,달궈진 짧은 흡혈 칼날,레시피 문서 기반. 전용 아이콘과 장비 수치는 미지정.,ingot,2,1,0,0,0.0,0.0,1.0,True,False,False,False,False,,,,0,0,not_applicable,existing_catalog,existing_catalog,,,0,0,,existing_catalog,unset,,1,temporary_existing_default
blood_short,짧은 흡혈 칼날,레시피 문서 기반. 전용 아이콘과 장비 수치는 미지정.,ingot,2,1,0,0,0.0,0.0,1.0,False,False,False,False,False,,,,0,0,not_applicable,existing_catalog,existing_catalog,,,0,0,,existing_catalog,unset,,1,temporary_existing_default
blood_dagger,흡혈 단검,붉은 빛이 도는 짧은 칼날의 검. 손에서 웅웅 울리는 듯한 감각이 느껴진다.,sword,3,2,175,0,15,0.0,1.0,False,False,False,False,False,Weapon,,,0,0,not_applicable,notion,notion,1,https://app.notion.com/p/8519c4aa4b9c83eabda5014535c69067?v=0619c4aa4b9c829a9fc388f78771d21a,0,0,,notion_values,notion,https://app.notion.com/p/8519c4aa4b9c83eabda5014535c69067?v=0619c4aa4b9c829a9fc388f78771d21a,1,temporary_existing_default
blood_sharp_short,날카로운 짧은 흡혈 칼날,레시피 문서 기반. 전용 아이콘과 장비 수치는 미지정.,ingot,2,1,0,0,0.0,0.0,1.0,False,False,False,False,False,,,,0,0,not_applicable,existing_catalog,existing_catalog,,,0,0,,existing_catalog,unset,,1,temporary_existing_default
blood_sharp_dagger,날카로운 흡혈 단검,붉은 빛이 도는 날카로운 짧은 칼날의 검. 날이 베어낸 상처의 피를 전부 먹어치운다.,sword,3,2,190,0,18,0.0,1.0,False,False,False,False,False,Weapon,,,0,0,not_applicable,notion,notion,1,https://app.notion.com/p/8519c4aa4b9c83eabda5014535c69067?v=0619c4aa4b9c829a9fc388f78771d21a,0,0,,notion_values,notion,https://app.notion.com/p/8519c4aa4b9c83eabda5014535c69067?v=0619c4aa4b9c829a9fc388f78771d21a,1,temporary_existing_default
blood_arrowhead,흡혈 화살촉,레시피 문서 기반. 전용 아이콘과 장비 수치는 미지정.,ingot,2,1,0,0,0.0,0.0,1.0,False,False,False,False,False,,,,0,0,not_applicable,existing_catalog,existing_catalog,,,0,0,,existing_catalog,unset,,1,temporary_existing_default
blood_arrow,흡혈 화살,꽃히는 순간 탐욕스럽게 적의 생명력을 갉아먹는 핏빛의 화살,arrow,5,2,9,0,21,0.0,1.0,False,False,False,True,False,Arrow,,,0,0,not_applicable,notion,notion,,https://app.notion.com/p/8519c4aa4b9c83eabda5014535c69067?v=0619c4aa4b9c829a9fc388f78771d21a,0,0,,notion_values,notion,https://app.notion.com/p/8519c4aa4b9c83eabda5014535c69067?v=0619c4aa4b9c829a9fc388f78771d21a,1,temporary_existing_default
blood_lump,흡혈 강철 덩어리,레시피 문서 기반. 전용 아이콘과 장비 수치는 미지정.,ingot,2,1,0,0,0.0,0.0,1.0,False,False,False,False,False,,,,0,0,not_applicable,existing_catalog,existing_catalog,,,0,0,,existing_catalog,unset,,1,temporary_existing_default
blood_trimmed_lump,다듬어진 흡혈 강철 덩어리,레시피 문서 기반. 전용 아이콘과 장비 수치는 미지정.,ingot,2,1,0,0,0.0,0.0,1.0,False,False,False,False,False,,,,0,0,not_applicable,existing_catalog,existing_catalog,,,0,0,,existing_catalog,unset,,1,temporary_existing_default
blood_hammer,둔탁한 흡혈 망치,거대한 붉은 철 덩어리를 통채로 꽂아 만든 파괴적인 무기. 순식간에 모든 것을 흡수해버린다.,hammer,3,2,195,0,36,0.0,1.0,False,True,False,False,False,Weapon,,,0,0,not_applicable,notion,notion,2.1,https://app.notion.com/p/8519c4aa4b9c83eabda5014535c69067?v=0619c4aa4b9c829a9fc388f78771d21a,0,0,,notion_values,notion,https://app.notion.com/p/8519c4aa4b9c83eabda5014535c69067?v=0619c4aa4b9c829a9fc388f78771d21a,1,temporary_existing_default
blood_fine_hammer,정교한 흡혈 망치,거대한 붉은 철 덩어리를 통채로 꽂아 만든 파괴적인 무기. 잘 다듬어진 면들이 효율적으로 전부 흡수해버린다.,hammer,3,2,210,0,41,0.0,1.0,False,True,False,False,False,Weapon,,,0,0,not_applicable,notion,notion,2.1,https://app.notion.com/p/8519c4aa4b9c83eabda5014535c69067?v=0619c4aa4b9c829a9fc388f78771d21a,0,0,,notion_values,notion,https://app.notion.com/p/8519c4aa4b9c83eabda5014535c69067?v=0619c4aa4b9c829a9fc388f78771d21a,1,temporary_existing_default
steel_hot,달궈진 강철,레시피 문서 기반. 전용 아이콘과 장비 수치는 미지정.,ingot,2,1,0,0,0.0,0.0,1.0,True,False,False,False,False,,,,0,0,not_applicable,existing_catalog,existing_catalog,,,0,0,,existing_catalog,unset,,1,temporary_existing_default
steel_hot_plate,달궈진 강철판,레시피 문서 기반. 전용 아이콘과 장비 수치는 미지정.,plate,2,1,0,0,0.0,0.0,1.0,True,False,False,False,False,,,,0,0,not_applicable,existing_catalog,existing_catalog,,,0,0,,existing_catalog,unset,,1,temporary_existing_default
steel_plate,강철판,레시피 문서 기반. 전용 아이콘과 장비 수치는 미지정.,plate,2,1,0,0,0.0,0.0,1.0,False,False,False,False,False,,,,0,0,not_applicable,existing_catalog,existing_catalog,,,0,0,,existing_catalog,unset,,1,temporary_existing_default
steel_head,강철 투구,단단한 철판을 덧대어 만들어진 투구. 강력한 힘의 공명이 느껴진다.,shield,4,2,140,0,0.0,3,1.0,False,False,False,False,False,Head,,,0,0,not_applicable,notion,notion,,https://app.notion.com/p/c589c4aa4b9c831db4a8819a2bf3f79c?v=be89c4aa4b9c8317a577888fdeaa14cf,0,0,,notion_values,notion,https://app.notion.com/p/c589c4aa4b9c831db4a8819a2bf3f79c?v=be89c4aa4b9c8317a577888fdeaa14cf,1,temporary_existing_default
steel_chest,강철 흉갑,아주 단단한 철판을 덧대어 만들어진 강철 흉갑. 이 갑옷을 뚫을 수 있는 무기는 세상에 몇 없을 것이다.,shield,4,2,195,0,0.0,7,1.0,False,False,False,False,False,Armor,,,0,0,not_applicable,notion,notion,,https://app.notion.com/p/c589c4aa4b9c831db4a8819a2bf3f79c?v=be89c4aa4b9c8317a577888fdeaa14cf,0,0,,notion_values,notion,https://app.notion.com/p/c589c4aa4b9c831db4a8819a2bf3f79c?v=be89c4aa4b9c8317a577888fdeaa14cf,1,temporary_existing_default
steel_legs,강철 갑옷 하의,단단한 철판을 덧대어 만들어진 강철 갑옷 하의. 웬만한 공격으로는 흠집조차 나지 않을 것 같다.,shield,4,2,175,0,0.0,5,1.0,False,False,False,False,False,Legs,,,0,0,not_applicable,notion,notion,,https://app.notion.com/p/c589c4aa4b9c831db4a8819a2bf3f79c?v=be89c4aa4b9c8317a577888fdeaa14cf,0,0,,notion_values,notion,https://app.notion.com/p/c589c4aa4b9c831db4a8819a2bf3f79c?v=be89c4aa4b9c8317a577888fdeaa14cf,1,temporary_existing_default
steel_feet,강철 신발,단단한 철판을 덧대어 만들어진 신발. 발걸음마다 힘이 느껴진다.,shield,4,2,150,0,0.0,3,1.0,False,False,False,False,False,Feet,,,0,0,not_applicable,notion,notion,,https://app.notion.com/p/c589c4aa4b9c831db4a8819a2bf3f79c?v=be89c4aa4b9c8317a577888fdeaa14cf,0,0,,notion_values,notion,https://app.notion.com/p/c589c4aa4b9c831db4a8819a2bf3f79c?v=be89c4aa4b9c8317a577888fdeaa14cf,1,temporary_existing_default
steel_shield,든든한 강철 방패,모든 것을 다 막아낼 수 있을 것만 같은 아주 튼튼한 방패. 왠만한 공격으로는 흠집조차 나지 않는다.,shield,4,2,200,0,0.0,0.0,1.0,False,False,False,False,False,Shield,,,0,0,not_applicable,existing_catalog,notion,,,7.5,0.85,https://app.notion.com/p/c589c4aa4b9c831db4a8819a2bf3f79c?v=be89c4aa4b9c8317a577888fdeaa14cf,notion_values,notion,https://app.notion.com/p/c589c4aa4b9c831db4a8819a2bf3f79c?v=be89c4aa4b9c8317a577888fdeaa14cf,1,temporary_existing_default
steel_hot_ingot,달궈진 강철괴,레시피 문서 기반. 전용 아이콘과 장비 수치는 미지정.,ingot,2,1,0,0,0.0,0.0,1.0,True,False,False,False,False,,,,0,0,not_applicable,existing_catalog,existing_catalog,,,0,0,,existing_catalog,unset,,1,temporary_existing_default
steel_ingot,강철괴,레시피 문서 기반. 전용 아이콘과 장비 수치는 미지정.,ingot,2,1,0,0,0.0,0.0,1.0,False,False,False,False,False,,,,0,0,not_applicable,existing_catalog,existing_catalog,,,0,0,,existing_catalog,unset,,1,temporary_existing_default
steel_hot_long,달궈진 긴 강철 칼날,레시피 문서 기반. 전용 아이콘과 장비 수치는 미지정.,ingot,2,1,0,0,0.0,0.0,1.0,True,False,False,False,False,,,,0,0,not_applicable,existing_catalog,existing_catalog,,,0,0,,existing_catalog,unset,,1,temporary_existing_default
steel_long,긴 강철 칼날,레시피 문서 기반. 전용 아이콘과 장비 수치는 미지정.,ingot,2,1,0,0,0.0,0.0,1.0,False,False,False,False,False,,,,0,0,not_applicable,existing_catalog,existing_catalog,,,0,0,,existing_catalog,unset,,1,temporary_existing_default
steel_sword,강철 검,레시피 문서 기반. 전용 아이콘과 장비 수치는 미지정.,sword,3,2,0,0,0.0,0.0,1.0,False,False,False,False,False,Weapon,,,0,0,not_applicable,existing_catalog,existing_catalog,,,0,0,,existing_catalog,unset,,1,temporary_existing_default
steel_sharp_long,날카로운 긴 강철 칼날,레시피 문서 기반. 전용 아이콘과 장비 수치는 미지정.,ingot,2,1,0,0,0.0,0.0,1.0,False,False,False,False,False,,,,0,0,not_applicable,existing_catalog,existing_catalog,,,0,0,,existing_catalog,unset,,1,temporary_existing_default
steel_sharp_sword,날카로운 강철 검,레시피 문서 기반. 전용 아이콘과 장비 수치는 미지정.,sword,3,2,0,0,0.0,0.0,1.0,False,False,False,False,False,Weapon,,,0,0,not_applicable,existing_catalog,existing_catalog,,,0,0,,existing_catalog,unset,,1,temporary_existing_default
steel_hot_short,달궈진 짧은 강철 칼날,레시피 문서 기반. 전용 아이콘과 장비 수치는 미지정.,ingot,2,1,0,0,0.0,0.0,1.0,True,False,False,False,False,,,,0,0,not_applicable,existing_catalog,existing_catalog,,,0,0,,existing_catalog,unset,,1,temporary_existing_default
steel_short,짧은 강철 칼날,레시피 문서 기반. 전용 아이콘과 장비 수치는 미지정.,ingot,2,1,0,0,0.0,0.0,1.0,False,False,False,False,False,,,,0,0,not_applicable,existing_catalog,existing_catalog,,,0,0,,existing_catalog,unset,,1,temporary_existing_default
steel_dagger,강철 단검,레시피 문서 기반. 전용 아이콘과 장비 수치는 미지정.,sword,3,2,0,0,0.0,0.0,1.0,False,False,False,False,False,Weapon,,,0,0,not_applicable,existing_catalog,existing_catalog,,,0,0,,existing_catalog,unset,,1,temporary_existing_default
steel_sharp_short,날카로운 짧은 강철 칼날,레시피 문서 기반. 전용 아이콘과 장비 수치는 미지정.,ingot,2,1,0,0,0.0,0.0,1.0,False,False,False,False,False,,,,0,0,not_applicable,existing_catalog,existing_catalog,,,0,0,,existing_catalog,unset,,1,temporary_existing_default
steel_sharp_dagger,날카로운 강철 단검,레시피 문서 기반. 전용 아이콘과 장비 수치는 미지정.,sword,3,2,0,0,0.0,0.0,1.0,False,False,False,False,False,Weapon,,,0,0,not_applicable,existing_catalog,existing_catalog,,,0,0,,existing_catalog,unset,,1,temporary_existing_default
steel_arrowhead,강철 화살촉,레시피 문서 기반. 전용 아이콘과 장비 수치는 미지정.,ingot,2,1,0,0,0.0,0.0,1.0,False,False,False,False,False,,,,0,0,not_applicable,existing_catalog,existing_catalog,,,0,0,,existing_catalog,unset,,1,temporary_existing_default
steel_arrow,강철 화살,레시피 문서 기반. 전용 아이콘과 장비 수치는 미지정.,arrow,5,2,0,0,0.0,0.0,1.0,False,False,False,True,False,Arrow,,,0,0,not_applicable,existing_catalog,existing_catalog,,,0,0,,existing_catalog,unset,,1,temporary_existing_default
steel_lump,강철 덩어리,레시피 문서 기반. 전용 아이콘과 장비 수치는 미지정.,ingot,2,1,0,0,0.0,0.0,1.0,False,False,False,False,False,,,,0,0,not_applicable,existing_catalog,existing_catalog,,,0,0,,existing_catalog,unset,,1,temporary_existing_default
steel_trimmed_lump,다듬어진 강철 덩어리,레시피 문서 기반. 전용 아이콘과 장비 수치는 미지정.,ingot,2,1,0,0,0.0,0.0,1.0,False,False,False,False,False,,,,0,0,not_applicable,existing_catalog,existing_catalog,,,0,0,,existing_catalog,unset,,1,temporary_existing_default
steel_hammer,둔탁한 강철 망치,레시피 문서 기반. 전용 아이콘과 장비 수치는 미지정.,hammer,3,2,0,0,0.0,0.0,1.0,False,True,False,False,False,Weapon,,,0,0,not_applicable,existing_catalog,existing_catalog,,,0,0,,existing_catalog,unset,,1,temporary_existing_default
steel_fine_hammer,정교한 강철 망치,레시피 문서 기반. 전용 아이콘과 장비 수치는 미지정.,hammer,3,2,0,0,0.0,0.0,1.0,False,True,False,False,False,Weapon,,,0,0,not_applicable,existing_catalog,existing_catalog,,,0,0,,existing_catalog,unset,,1,temporary_existing_default
fire_hot,달궈진 화염 강철,레시피 문서 기반. 전용 아이콘과 장비 수치는 미지정.,ingot,2,1,0,0,0.0,0.0,1.0,True,False,False,False,False,,,,0,0,not_applicable,existing_catalog,existing_catalog,,,0,0,,existing_catalog,unset,,1,temporary_existing_default
fire_hot_plate,달궈진 화염 철판,레시피 문서 기반. 전용 아이콘과 장비 수치는 미지정.,plate,2,1,0,0,0.0,0.0,1.0,True,False,False,False,False,,,,0,0,not_applicable,existing_catalog,existing_catalog,,,0,0,,existing_catalog,unset,,1,temporary_existing_default
fire_plate,화염 철판,레시피 문서 기반. 전용 아이콘과 장비 수치는 미지정.,plate,2,1,0,0,0.0,0.0,1.0,False,False,False,False,False,,,,0,0,not_applicable,existing_catalog,existing_catalog,,,0,0,,existing_catalog,unset,,1,temporary_existing_default
fire_head,화염 투구,레시피 문서 기반. 전용 아이콘과 장비 수치는 미지정.,shield,4,2,0,0,0.0,0.0,1.0,False,False,False,False,False,Head,,,0,0,not_applicable,existing_catalog,existing_catalog,,,0,0,,existing_catalog,unset,,1,temporary_existing_default
fire_chest,화염 갑옷,레시피 문서 기반. 전용 아이콘과 장비 수치는 미지정.,shield,4,2,0,0,0.0,0.0,1.0,False,False,False,False,False,Armor,,,0,0,not_applicable,existing_catalog,existing_catalog,,,0,0,,existing_catalog,unset,,1,temporary_existing_default
fire_legs,화염 갑옷 하의,레시피 문서 기반. 전용 아이콘과 장비 수치는 미지정.,shield,4,2,0,0,0.0,0.0,1.0,False,False,False,False,False,Legs,,,0,0,not_applicable,existing_catalog,existing_catalog,,,0,0,,existing_catalog,unset,,1,temporary_existing_default
fire_feet,화염 신발,레시피 문서 기반. 전용 아이콘과 장비 수치는 미지정.,shield,4,2,0,0,0.0,0.0,1.0,False,False,False,False,False,Feet,,,0,0,not_applicable,existing_catalog,existing_catalog,,,0,0,,existing_catalog,unset,,1,temporary_existing_default
fire_shield,든든한 화염 방패,레시피 문서 기반. 전용 아이콘과 장비 수치는 미지정.,shield,4,2,0,0,0.0,0.0,1.0,False,False,False,False,False,Shield,,,0,0,not_applicable,existing_catalog,existing_catalog,,,0,0,,existing_catalog,unset,,1,temporary_existing_default
fire_hot_ingot,달궈진 화염 철괴,레시피 문서 기반. 전용 아이콘과 장비 수치는 미지정.,ingot,2,1,0,0,0.0,0.0,1.0,True,False,False,False,False,,,,0,0,not_applicable,existing_catalog,existing_catalog,,,0,0,,existing_catalog,unset,,1,temporary_existing_default
fire_ingot,화염 철괴,레시피 문서 기반. 전용 아이콘과 장비 수치는 미지정.,ingot,2,1,0,0,0.0,0.0,1.0,False,False,False,False,False,,,,0,0,not_applicable,existing_catalog,existing_catalog,,,0,0,,existing_catalog,unset,,1,temporary_existing_default
fire_hot_long,달궈진 긴 화염 칼날,레시피 문서 기반. 전용 아이콘과 장비 수치는 미지정.,ingot,2,1,0,0,0.0,0.0,1.0,True,False,False,False,False,,,,0,0,not_applicable,existing_catalog,existing_catalog,,,0,0,,existing_catalog,unset,,1,temporary_existing_default
fire_long,긴 화염 칼날,레시피 문서 기반. 전용 아이콘과 장비 수치는 미지정.,ingot,2,1,0,0,0.0,0.0,1.0,False,False,False,False,False,,,,0,0,not_applicable,existing_catalog,existing_catalog,,,0,0,,existing_catalog,unset,,1,temporary_existing_default
fire_sword,화염 검,레시피 문서 기반. 전용 아이콘과 장비 수치는 미지정.,sword,3,2,0,0,0.0,0.0,1.0,False,False,False,False,False,Weapon,,,0,0,not_applicable,existing_catalog,existing_catalog,,,0,0,,existing_catalog,unset,,1,temporary_existing_default
fire_sharp_long,날카로운 긴 화염 칼날,레시피 문서 기반. 전용 아이콘과 장비 수치는 미지정.,ingot,2,1,0,0,0.0,0.0,1.0,False,False,False,False,False,,,,0,0,not_applicable,existing_catalog,existing_catalog,,,0,0,,existing_catalog,unset,,1,temporary_existing_default
fire_sharp_sword,날카로운 화염 검,레시피 문서 기반. 전용 아이콘과 장비 수치는 미지정.,sword,3,2,0,0,0.0,0.0,1.0,False,False,False,False,False,Weapon,,,0,0,not_applicable,existing_catalog,existing_catalog,,,0,0,,existing_catalog,unset,,1,temporary_existing_default
fire_hot_short,달궈진 짧은 화염 칼날,레시피 문서 기반. 전용 아이콘과 장비 수치는 미지정.,ingot,2,1,0,0,0.0,0.0,1.0,True,False,False,False,False,,,,0,0,not_applicable,existing_catalog,existing_catalog,,,0,0,,existing_catalog,unset,,1,temporary_existing_default
fire_short,짧은 화염 칼날,레시피 문서 기반. 전용 아이콘과 장비 수치는 미지정.,ingot,2,1,0,0,0.0,0.0,1.0,False,False,False,False,False,,,,0,0,not_applicable,existing_catalog,existing_catalog,,,0,0,,existing_catalog,unset,,1,temporary_existing_default
fire_dagger,화염 단검,레시피 문서 기반. 전용 아이콘과 장비 수치는 미지정.,sword,3,2,0,0,0.0,0.0,1.0,False,False,False,False,False,Weapon,,,0,0,not_applicable,existing_catalog,existing_catalog,,,0,0,,existing_catalog,unset,,1,temporary_existing_default
fire_sharp_short,날카로운 짧은 화염 칼날,레시피 문서 기반. 전용 아이콘과 장비 수치는 미지정.,ingot,2,1,0,0,0.0,0.0,1.0,False,False,False,False,False,,,,0,0,not_applicable,existing_catalog,existing_catalog,,,0,0,,existing_catalog,unset,,1,temporary_existing_default
fire_sharp_dagger,날카로운 화염 단검,레시피 문서 기반. 전용 아이콘과 장비 수치는 미지정.,sword,3,2,0,0,0.0,0.0,1.0,False,False,False,False,False,Weapon,,,0,0,not_applicable,existing_catalog,existing_catalog,,,0,0,,existing_catalog,unset,,1,temporary_existing_default
fire_arrowhead,화염 화살촉,레시피 문서 기반. 전용 아이콘과 장비 수치는 미지정.,ingot,2,1,0,0,0.0,0.0,1.0,False,False,False,False,False,,,,0,0,not_applicable,existing_catalog,existing_catalog,,,0,0,,existing_catalog,unset,,1,temporary_existing_default
fire_arrow,화염 화살,레시피 문서 기반. 전용 아이콘과 장비 수치는 미지정.,arrow,5,2,0,0,0.0,0.0,1.0,False,False,False,True,False,Arrow,,,0,0,not_applicable,existing_catalog,existing_catalog,,,0,0,,existing_catalog,unset,,1,temporary_existing_default
fire_lump,화염 강철 덩어리,레시피 문서 기반. 전용 아이콘과 장비 수치는 미지정.,ingot,2,1,0,0,0.0,0.0,1.0,False,False,False,False,False,,,,0,0,not_applicable,existing_catalog,existing_catalog,,,0,0,,existing_catalog,unset,,1,temporary_existing_default
fire_trimmed_lump,다듬어진 화염 강철 덩어리,레시피 문서 기반. 전용 아이콘과 장비 수치는 미지정.,ingot,2,1,0,0,0.0,0.0,1.0,False,False,False,False,False,,,,0,0,not_applicable,existing_catalog,existing_catalog,,,0,0,,existing_catalog,unset,,1,temporary_existing_default
fire_hammer,둔탁한 화염 망치,레시피 문서 기반. 전용 아이콘과 장비 수치는 미지정.,hammer,3,2,0,0,0.0,0.0,1.0,False,True,False,False,False,Weapon,,,0,0,not_applicable,existing_catalog,existing_catalog,,,0,0,,existing_catalog,unset,,1,temporary_existing_default
fire_fine_hammer,정교한 화염 망치,레시피 문서 기반. 전용 아이콘과 장비 수치는 미지정.,hammer,3,2,0,0,0.0,0.0,1.0,False,True,False,False,False,Weapon,,,0,0,not_applicable,existing_catalog,existing_catalog,,,0,0,,existing_catalog,unset,,1,temporary_existing_default
wind_hot,달궈진 바람 강철,레시피 문서 기반. 전용 아이콘과 장비 수치는 미지정.,ingot,2,1,0,0,0.0,0.0,1.0,True,False,False,False,False,,,,0,0,not_applicable,existing_catalog,existing_catalog,,,0,0,,existing_catalog,unset,,1,temporary_existing_default
wind_hot_plate,달궈진 바람 철판,레시피 문서 기반. 전용 아이콘과 장비 수치는 미지정.,plate,2,1,0,0,0.0,0.0,1.0,True,False,False,False,False,,,,0,0,not_applicable,existing_catalog,existing_catalog,,,0,0,,existing_catalog,unset,,1,temporary_existing_default
wind_plate,바람 철판,레시피 문서 기반. 전용 아이콘과 장비 수치는 미지정.,plate,2,1,0,0,0.0,0.0,1.0,False,False,False,False,False,,,,0,0,not_applicable,existing_catalog,existing_catalog,,,0,0,,existing_catalog,unset,,1,temporary_existing_default
wind_head,바람 투구,레시피 문서 기반. 전용 아이콘과 장비 수치는 미지정.,shield,4,2,0,0,0.0,0.0,1.0,False,False,False,False,False,Head,,,0,0,not_applicable,existing_catalog,existing_catalog,,,0,0,,existing_catalog,unset,,1,temporary_existing_default
wind_chest,바람 갑옷,레시피 문서 기반. 전용 아이콘과 장비 수치는 미지정.,shield,4,2,0,0,0.0,0.0,1.0,False,False,False,False,False,Armor,,,0,0,not_applicable,existing_catalog,existing_catalog,,,0,0,,existing_catalog,unset,,1,temporary_existing_default
wind_legs,바람 갑옷 하의,레시피 문서 기반. 전용 아이콘과 장비 수치는 미지정.,shield,4,2,0,0,0.0,0.0,1.0,False,False,False,False,False,Legs,,,0,0,not_applicable,existing_catalog,existing_catalog,,,0,0,,existing_catalog,unset,,1,temporary_existing_default
wind_feet,바람 신발,레시피 문서 기반. 전용 아이콘과 장비 수치는 미지정.,shield,4,2,0,0,0.0,0.0,1.0,False,False,False,False,False,Feet,,,0,0,not_applicable,existing_catalog,existing_catalog,,,0,0,,existing_catalog,unset,,1,temporary_existing_default
wind_shield,든든한 바람 방패,레시피 문서 기반. 전용 아이콘과 장비 수치는 미지정.,shield,4,2,0,0,0.0,0.0,1.0,False,False,False,False,False,Shield,,,0,0,not_applicable,existing_catalog,existing_catalog,,,0,0,,existing_catalog,unset,,1,temporary_existing_default
wind_hot_ingot,달궈진 바람 철괴,레시피 문서 기반. 전용 아이콘과 장비 수치는 미지정.,ingot,2,1,0,0,0.0,0.0,1.0,True,False,False,False,False,,,,0,0,not_applicable,existing_catalog,existing_catalog,,,0,0,,existing_catalog,unset,,1,temporary_existing_default
wind_ingot,바람 철괴,레시피 문서 기반. 전용 아이콘과 장비 수치는 미지정.,ingot,2,1,0,0,0.0,0.0,1.0,False,False,False,False,False,,,,0,0,not_applicable,existing_catalog,existing_catalog,,,0,0,,existing_catalog,unset,,1,temporary_existing_default
wind_hot_long,달궈진 긴 바람 칼날,레시피 문서 기반. 전용 아이콘과 장비 수치는 미지정.,ingot,2,1,0,0,0.0,0.0,1.0,True,False,False,False,False,,,,0,0,not_applicable,existing_catalog,existing_catalog,,,0,0,,existing_catalog,unset,,1,temporary_existing_default
wind_long,긴 바람 칼날,레시피 문서 기반. 전용 아이콘과 장비 수치는 미지정.,ingot,2,1,0,0,0.0,0.0,1.0,False,False,False,False,False,,,,0,0,not_applicable,existing_catalog,existing_catalog,,,0,0,,existing_catalog,unset,,1,temporary_existing_default
wind_sword,바람 검,레시피 문서 기반. 전용 아이콘과 장비 수치는 미지정.,sword,3,2,0,0,0.0,0.0,1.0,False,False,False,False,False,Weapon,,,0,0,not_applicable,existing_catalog,existing_catalog,,,0,0,,existing_catalog,unset,,1,temporary_existing_default
wind_sharp_long,날카로운 긴 바람 칼날,레시피 문서 기반. 전용 아이콘과 장비 수치는 미지정.,ingot,2,1,0,0,0.0,0.0,1.0,False,False,False,False,False,,,,0,0,not_applicable,existing_catalog,existing_catalog,,,0,0,,existing_catalog,unset,,1,temporary_existing_default
wind_sharp_sword,날카로운 바람 검,레시피 문서 기반. 전용 아이콘과 장비 수치는 미지정.,sword,3,2,0,0,0.0,0.0,1.0,False,False,False,False,False,Weapon,,,0,0,not_applicable,existing_catalog,existing_catalog,,,0,0,,existing_catalog,unset,,1,temporary_existing_default
wind_hot_short,달궈진 짧은 바람 칼날,레시피 문서 기반. 전용 아이콘과 장비 수치는 미지정.,ingot,2,1,0,0,0.0,0.0,1.0,True,False,False,False,False,,,,0,0,not_applicable,existing_catalog,existing_catalog,,,0,0,,existing_catalog,unset,,1,temporary_existing_default
wind_short,짧은 바람 칼날,레시피 문서 기반. 전용 아이콘과 장비 수치는 미지정.,ingot,2,1,0,0,0.0,0.0,1.0,False,False,False,False,False,,,,0,0,not_applicable,existing_catalog,existing_catalog,,,0,0,,existing_catalog,unset,,1,temporary_existing_default
wind_dagger,바람 단검,레시피 문서 기반. 전용 아이콘과 장비 수치는 미지정.,sword,3,2,0,0,0.0,0.0,1.0,False,False,False,False,False,Weapon,,,0,0,not_applicable,existing_catalog,existing_catalog,,,0,0,,existing_catalog,unset,,1,temporary_existing_default
wind_sharp_short,날카로운 짧은 바람 칼날,레시피 문서 기반. 전용 아이콘과 장비 수치는 미지정.,ingot,2,1,0,0,0.0,0.0,1.0,False,False,False,False,False,,,,0,0,not_applicable,existing_catalog,existing_catalog,,,0,0,,existing_catalog,unset,,1,temporary_existing_default
wind_sharp_dagger,날카로운 바람 단검,레시피 문서 기반. 전용 아이콘과 장비 수치는 미지정.,sword,3,2,0,0,0.0,0.0,1.0,False,False,False,False,False,Weapon,,,0,0,not_applicable,existing_catalog,existing_catalog,,,0,0,,existing_catalog,unset,,1,temporary_existing_default
wind_arrowhead,바람 화살촉,레시피 문서 기반. 전용 아이콘과 장비 수치는 미지정.,ingot,2,1,0,0,0.0,0.0,1.0,False,False,False,False,False,,,,0,0,not_applicable,existing_catalog,existing_catalog,,,0,0,,existing_catalog,unset,,1,temporary_existing_default
wind_arrow,바람 화살,레시피 문서 기반. 전용 아이콘과 장비 수치는 미지정.,arrow,5,2,0,0,0.0,0.0,1.0,False,False,False,True,False,Arrow,,,0,0,not_applicable,existing_catalog,existing_catalog,,,0,0,,existing_catalog,unset,,1,temporary_existing_default
wind_lump,바람 강철 덩어리,레시피 문서 기반. 전용 아이콘과 장비 수치는 미지정.,ingot,2,1,0,0,0.0,0.0,1.0,False,False,False,False,False,,,,0,0,not_applicable,existing_catalog,existing_catalog,,,0,0,,existing_catalog,unset,,1,temporary_existing_default
wind_trimmed_lump,다듬어진 바람 강철 덩어리,레시피 문서 기반. 전용 아이콘과 장비 수치는 미지정.,ingot,2,1,0,0,0.0,0.0,1.0,False,False,False,False,False,,,,0,0,not_applicable,existing_catalog,existing_catalog,,,0,0,,existing_catalog,unset,,1,temporary_existing_default
wind_hammer,둔탁한 바람 망치,레시피 문서 기반. 전용 아이콘과 장비 수치는 미지정.,hammer,3,2,0,0,0.0,0.0,1.0,False,True,False,False,False,Weapon,,,0,0,not_applicable,existing_catalog,existing_catalog,,,0,0,,existing_catalog,unset,,1,temporary_existing_default
wind_fine_hammer,정교한 바람 망치,레시피 문서 기반. 전용 아이콘과 장비 수치는 미지정.,hammer,3,2,0,0,0.0,0.0,1.0,False,True,False,False,False,Weapon,,,0,0,not_applicable,existing_catalog,existing_catalog,,,0,0,,existing_catalog,unset,,1,temporary_existing_default
obsidian_arrowhead,흑요석 화살촉,레시피 문서 기반. 전용 아이콘과 장비 수치는 미지정.,ore,1,1,0,0,0.0,0.0,1.0,False,False,False,False,False,,,,0,0,not_applicable,existing_catalog,existing_catalog,,,0,0,,existing_catalog,unset,,1,temporary_existing_default
obsidian_arrow,흑요석 화살,레시피 문서 기반. 전용 아이콘과 장비 수치는 미지정.,arrow,5,2,0,0,0.0,0.0,1.0,False,False,False,True,False,Arrow,,,0,0,not_applicable,existing_catalog,existing_catalog,,,0,0,,existing_catalog,unset,,1,temporary_existing_default
floating_ore,부유 광석,바람 지역 채집물 · 판매가 임시,ore,5,0,15,0,0.0,0.0,1.0,False,False,False,False,False,,,,0,0,not_applicable,existing_catalog,existing_catalog,,,0,0,,existing_catalog,provisional,,1,temporary_existing_default
town_pick_2,쓸만한 중고 곡괭이,장비 거치대에서 장착 · 채집 도구 · 가격/운반 무게 임시,linked_pick,5,2,300,0,0.0,0.0,1.0,False,False,False,False,False,Pickaxe,,pick,2,1000,notion,existing_catalog,existing_catalog,,,0,0,,notion_values,notion,https://app.notion.com/p/96c9c4aa4b9c8218b41581a4342e990b?v=9299c4aa4b9c8344a4df088c27b75a69,1,temporary_existing_default
town_pick_3,곡괭이 T3,장비 거치대에서 장착 · 채집 도구 · 가격/운반 무게 임시,linked_pick,5,2,240,0,0.0,0.0,1.0,False,False,False,False,False,Pickaxe,,pick,3,0,provisional,existing_catalog,existing_catalog,,,0,0,,existing_catalog,provisional,,1,temporary_existing_default
town_axe_2,쓸만한 중고 도끼,장비 거치대에서 장착 · 채집 도구 · 가격/운반 무게 임시,linked_axe,5,2,150,0,0.0,0.0,1.0,False,False,False,False,False,Axe,,axe,2,500,notion,existing_catalog,existing_catalog,,,0,0,,notion_values,notion,https://app.notion.com/p/96c9c4aa4b9c8218b41581a4342e990b?v=9299c4aa4b9c8344a4df088c27b75a69,1,temporary_existing_default
town_axe_3,도끼 T3,장비 거치대에서 장착 · 채집 도구 · 가격/운반 무게 임시,linked_axe,5,2,240,0,0.0,0.0,1.0,False,False,False,False,False,Axe,,axe,3,0,provisional,existing_catalog,existing_catalog,,,0,0,,existing_catalog,provisional,,1,temporary_existing_default
town_pick_1,부실하고 낡은 곡괭이,어디선가 주워온 듯 한 낡은 곡괭이. 조금이라도 거칠게 사용했다가는 그대로 망가질 것 같다.,linked_pick,5,2,45,0,0.0,0.0,1.0,False,False,False,False,False,Pickaxe,,pick,1,150,notion,existing_catalog,notion,,,0,0,,notion_values,notion,https://app.notion.com/p/96c9c4aa4b9c8218b41581a4342e990b?v=9299c4aa4b9c8344a4df088c27b75a69,1,temporary_existing_default
town_axe_1,부실하고 낡은 도끼,장비 거치대에서 장착 · 채집 도구 · 가격/운반 무게 임시,linked_axe,5,2,15,0,0.0,0.0,1.0,False,False,False,False,False,Axe,,axe,1,50,notion,existing_catalog,existing_catalog,,,0,0,,notion_values,notion,https://app.notion.com/p/96c9c4aa4b9c8218b41581a4342e990b?v=9299c4aa4b9c8344a4df088c27b75a69,1,temporary_existing_default
starter_sword,기본 검,처음 지급되는 기본 검. 장비 거치대에서 장착하거나 해제할 수 있다.,linked_sword,3,2,0,0,5,0,2,False,False,False,False,False,Weapon,,,0,0,not_applicable,project,project,,,0,0,,project,not_applicable,,1,temporary_existing_default
iron_hot_arrowhead,달궈진 철 화살촉,달궈진 철을 모루에서 화살촉 모양으로 만든 중간 제작물.,ingot,2,1,0,0,0.0,0.0,1.0,True,False,False,False,False,,,,0,0,not_applicable,existing_catalog,existing_catalog,,,0,0,,notion,unset,https://app.notion.com/p/3d1da1bd22db809aa1a7fce8ff6fc832,1,temporary_existing_default
distorted_flesh,일그러진 살점,전리품을 용광로에서 가공하다 실패해 남은 부산물.,scrap,5,1,5,0,0.0,0.0,1.0,False,False,False,False,False,,,,0,0,not_applicable,existing_catalog,notion,,,0,0,,notion,notion,https://app.notion.com/p/3d1da1bd22db809aa1a7fce8ff6fc832,1,temporary_existing_default
hot_iron_lump,달궈진 철 덩어리,달궈진 철을 모루에서 정해진 순서 없이 두드린 중간 제작물.,scrap,2,1,4,0,0.0,0.0,1.0,True,False,False,False,False,,,,0,0,not_applicable,existing_catalog,notion,,,0,0,,notion,notion,https://app.notion.com/p/3d1da1bd22db809aa1a7fce8ff6fc832,1,temporary_existing_default
