recipe_id,ordinal,item_id,count
notion_plank_1,0,wood,1
notion_plank_2,0,wood,1
notion_fiber_1,0,plank,1
notion_thread_1,0,fiber,3
notion_rope_1,0,thread,3
notion_rope_2,0,vine,3
notion_wood_long_blade_1,0,plank,1
notion_wood_sword_1,0,wood_long_blade,1
notion_wood_sword_1,1,handle,1
notion_wood_shield_1,0,plank,3
notion_wood_shield_1,1,rope,2
notion_smooth_wood_1,0,wood,1
notion_wood_block_1,0,plank,1
notion_wood_block_2,0,smooth_wood,1
notion_handle_1,0,plank,1
notion_wood_short_blade_1,0,wood_long_blade,1
notion_wood_dagger_1,0,wood_short_blade,1
notion_wood_dagger_1,1,handle,1
notion_wood_hammer_1,0,smooth_wood,1
notion_wood_hammer_1,1,handle,1
notion_wood_hammer_1,2,rope,1
notion_trimmed_branch_1,0,branch,1
notion_bow_1,0,trimmed_branch,1
notion_bow_1,1,thread,2
notion_sharp_branch_1,0,trimmed_branch,1
notion_stone_slab_1,0,stone,1
notion_stone_long_blade_1,0,stone_slab,1
notion_stone_sword_1,0,stone_long_blade,1
notion_stone_sword_1,1,handle,1
notion_stone_sword_1,2,adhesive,1
notion_stone_slab_piece_1,0,stone_slab,1
notion_stone_short_blade_1,0,stone_slab_piece,1
notion_stone_dagger_1,0,stone_short_blade,1
notion_stone_dagger_1,1,handle,1
notion_stone_dagger_1,2,adhesive,1
notion_stone_shield_1,0,stone_slab,2
notion_stone_shield_1,1,rope,2
notion_trimmed_stone_1,0,stone,1
notion_small_stone_1,0,trimmed_stone,1
notion_stone_arrowhead_1,0,small_stone,1
notion_stone_arrow_1,0,stone_arrowhead,1
notion_stone_arrow_1,1,trimmed_branch,1
notion_stone_arrow_1,2,feather,1
notion_stone_arrow_1,3,adhesive,1
notion_stone_hammer_1,0,trimmed_stone,1
notion_stone_hammer_1,1,handle,1
notion_stone_hammer_1,2,rope,1
notion_leather_prepared_1,0,raw_leather,1
notion_leather_1,0,leather_prepared,1
notion_leather_hat_1,0,leather,1
notion_leather_hat_1,1,thread,1
notion_leather_vest_1,0,leather,2
notion_leather_vest_1,1,thread,2
notion_leather_pants_1,0,leather,2
notion_leather_pants_1,1,thread,1
notion_leather_shoes_1,0,leather,1
notion_leather_shoes_1,1,thread,2
notion_adhesive_1,0,slime,2
notion_hot_iron_1,0,ore,1
notion_hot_plate_1,0,hot_iron,1
notion_plate_1,0,hot_plate,1
notion_iron_hot_ingot_1,0,hot_iron,1
notion_iron_ingot_1,0,iron_hot_ingot,1
notion_iron_hot_long_1,0,hot_iron,1
notion_blade_1,0,iron_hot_long,1
notion_iron_hot_short_1,0,hot_iron,1
notion_iron_short_1,0,iron_hot_short,1
notion_iron_head_1,0,plate,1
notion_iron_head_1,1,leather,1
notion_iron_head_1,2,thread,1
notion_armor_1,0,plate,2
notion_armor_1,1,leather,1
notion_armor_1,2,thread,2
notion_iron_legs_1,0,plate,1
notion_iron_legs_1,1,leather,2
notion_iron_legs_1,2,thread,2
notion_iron_feet_1,0,plate,1
notion_iron_feet_1,1,leather,1
notion_iron_feet_1,2,thread,2
notion_shield_1,0,plate,2
notion_shield_1,1,adhesive,1
notion_sword_1,0,blade,1
notion_sword_1,1,handle,1
notion_sword_1,2,adhesive,1
notion_iron_sharp_sword_1,0,iron_sharp_long,1
notion_iron_sharp_sword_1,1,handle,1
notion_iron_sharp_sword_1,2,adhesive,1
notion_iron_dagger_1,0,iron_short,1
notion_iron_dagger_1,1,handle,1
notion_iron_dagger_1,2,adhesive,1
notion_iron_sharp_dagger_1,0,iron_sharp_short,1
notion_iron_sharp_dagger_1,1,handle,1
notion_iron_sharp_dagger_1,2,adhesive,1
notion_iron_sharp_long_1,0,blade,1
notion_iron_sharp_sword_2,0,sword,1
notion_iron_sharp_short_1,0,iron_short,1
notion_iron_sharp_dagger_2,0,iron_dagger,1
notion_iron_arrowhead_1,0,iron_sharp_short,1
notion_iron_trimmed_lump_1,0,ingot,1
notion_iron_fine_hammer_1,0,warhammer,1
notion_arrow_1,0,iron_arrowhead,1
notion_arrow_1,1,trimmed_branch,1
notion_arrow_1,2,feather,1
notion_arrow_1,3,adhesive,1
notion_ingot_1,0,hot_iron,1
notion_warhammer_1,0,ingot,1
notion_warhammer_1,1,handle,1
notion_warhammer_1,2,rope,1
notion_warhammer_1,3,adhesive,1
notion_iron_fine_hammer_2,0,iron_trimmed_lump,1
notion_iron_fine_hammer_2,1,handle,1
notion_iron_fine_hammer_2,2,rope,1
notion_iron_fine_hammer_2,3,adhesive,1
notion_blood_hot_1,0,ore,1
notion_blood_hot_1,1,fang,2
notion_blood_hot_plate_1,0,blood_hot,1
notion_blood_plate_1,0,blood_hot_plate,1
notion_blood_hot_ingot_1,0,blood_hot,1
notion_blood_ingot_1,0,blood_hot_ingot,1
notion_blood_hot_long_1,0,blood_hot,1
notion_blood_long_1,0,blood_hot_long,1
notion_blood_hot_short_1,0,blood_hot,1
notion_blood_short_1,0,blood_hot_short,1
notion_blood_head_1,0,blood_plate,1
notion_blood_head_1,1,leather,1
notion_blood_head_1,2,thread,1
notion_blood_chest_1,0,blood_plate,2
notion_blood_chest_1,1,leather,1
notion_blood_chest_1,2,thread,2
notion_blood_legs_1,0,blood_plate,1
notion_blood_legs_1,1,leather,2
notion_blood_legs_1,2,thread,2
notion_blood_feet_1,0,blood_plate,1
notion_blood_feet_1,1,leather,1
notion_blood_feet_1,2,thread,2
notion_blood_shield_1,0,blood_plate,2
notion_blood_shield_1,1,adhesive,1
notion_blood_sword_1,0,blood_long,1
notion_blood_sword_1,1,handle,1
notion_blood_sword_1,2,adhesive,1
notion_blood_sharp_sword_1,0,blood_sharp_long,1
notion_blood_sharp_sword_1,1,handle,1
notion_blood_sharp_sword_1,2,adhesive,1
notion_blood_dagger_1,0,blood_short,1
notion_blood_dagger_1,1,handle,1
notion_blood_dagger_1,2,adhesive,1
notion_blood_sharp_dagger_1,0,blood_sharp_short,1
notion_blood_sharp_dagger_1,1,handle,1
notion_blood_sharp_dagger_1,2,adhesive,1
notion_blood_sharp_long_1,0,blood_long,1
notion_blood_sharp_sword_2,0,blood_sword,1
notion_blood_sharp_short_1,0,blood_short,1
notion_blood_sharp_dagger_2,0,blood_dagger,1
notion_blood_arrowhead_1,0,blood_sharp_short,1
notion_blood_trimmed_lump_1,0,blood_lump,1
notion_blood_fine_hammer_1,0,blood_hammer,1
notion_blood_arrow_1,0,blood_arrowhead,1
notion_blood_arrow_1,1,trimmed_branch,1
notion_blood_arrow_1,2,feather,1
notion_blood_arrow_1,3,adhesive,1
notion_blood_lump_1,0,blood_hot,1
notion_blood_hammer_1,0,blood_lump,1
notion_blood_hammer_1,1,handle,1
notion_blood_hammer_1,2,rope,1
notion_blood_hammer_1,3,adhesive,1
notion_blood_fine_hammer_2,0,blood_trimmed_lump,1
notion_blood_fine_hammer_2,1,handle,1
notion_blood_fine_hammer_2,2,rope,1
notion_blood_fine_hammer_2,3,adhesive,1
notion_steel_hot_1,0,ore,1
notion_steel_hot_1,1,golem_core,1
notion_steel_hot_plate_1,0,steel_hot,1
notion_steel_plate_1,0,steel_hot_plate,1
notion_steel_hot_ingot_1,0,steel_hot,1
notion_steel_ingot_1,0,steel_hot_ingot,1
notion_steel_hot_long_1,0,steel_hot,1
notion_steel_long_1,0,steel_hot_long,1
notion_steel_hot_short_1,0,steel_hot,1
notion_steel_short_1,0,steel_hot_short,1
notion_steel_head_1,0,steel_plate,1
notion_steel_head_1,1,leather,1
notion_steel_head_1,2,thread,1
notion_steel_chest_1,0,steel_plate,2
notion_steel_chest_1,1,leather,1
notion_steel_chest_1,2,thread,2
notion_steel_legs_1,0,steel_plate,1
notion_steel_legs_1,1,leather,2
notion_steel_legs_1,2,thread,2
notion_steel_feet_1,0,steel_plate,1
notion_steel_feet_1,1,leather,1
notion_steel_feet_1,2,thread,2
notion_steel_shield_1,0,steel_plate,2
notion_steel_shield_1,1,adhesive,1
notion_steel_sword_1,0,steel_long,1
notion_steel_sword_1,1,handle,1
notion_steel_sword_1,2,adhesive,1
notion_steel_sharp_sword_1,0,steel_sharp_long,1
notion_steel_sharp_sword_1,1,handle,1
notion_steel_sharp_sword_1,2,adhesive,1
notion_steel_dagger_1,0,steel_short,1
notion_steel_dagger_1,1,handle,1
notion_steel_dagger_1,2,adhesive,1
notion_steel_sharp_dagger_1,0,steel_sharp_short,1
notion_steel_sharp_dagger_1,1,handle,1
notion_steel_sharp_dagger_1,2,adhesive,1
notion_steel_sharp_long_1,0,steel_long,1
notion_steel_sharp_sword_2,0,steel_sword,1
notion_steel_sharp_short_1,0,steel_short,1
notion_steel_sharp_dagger_2,0,steel_dagger,1
notion_steel_arrowhead_1,0,steel_sharp_short,1
notion_steel_trimmed_lump_1,0,steel_lump,1
notion_steel_fine_hammer_1,0,steel_hammer,1
notion_steel_arrow_1,0,steel_arrowhead,1
notion_steel_arrow_1,1,trimmed_branch,1
notion_steel_arrow_1,2,feather,1
notion_steel_arrow_1,3,adhesive,1
notion_steel_lump_1,0,steel_hot,1
notion_steel_hammer_1,0,steel_lump,1
notion_steel_hammer_1,1,handle,1
notion_steel_hammer_1,2,rope,1
notion_steel_hammer_1,3,adhesive,1
notion_steel_fine_hammer_2,0,steel_trimmed_lump,1
notion_steel_fine_hammer_2,1,handle,1
notion_steel_fine_hammer_2,2,rope,1
notion_steel_fine_hammer_2,3,adhesive,1
notion_fire_hot_1,0,ore,1
notion_fire_hot_1,1,fire_crystal,1
notion_fire_hot_1,2,fire_stone,1
notion_fire_hot_plate_1,0,fire_hot,1
notion_fire_plate_1,0,fire_hot_plate,1
notion_fire_hot_ingot_1,0,fire_hot,1
notion_fire_ingot_1,0,fire_hot_ingot,1
notion_fire_hot_long_1,0,fire_hot,1
notion_fire_long_1,0,fire_hot_long,1
notion_fire_hot_short_1,0,fire_hot,1
notion_fire_short_1,0,fire_hot_short,1
notion_fire_head_1,0,fire_plate,1
notion_fire_head_1,1,leather,1
notion_fire_head_1,2,thread,1
notion_fire_chest_1,0,fire_plate,2
notion_fire_chest_1,1,leather,1
notion_fire_chest_1,2,thread,2
notion_fire_legs_1,0,fire_plate,1
notion_fire_legs_1,1,leather,2
notion_fire_legs_1,2,thread,2
notion_fire_feet_1,0,fire_plate,1
notion_fire_feet_1,1,leather,1
notion_fire_feet_1,2,thread,2
notion_fire_shield_1,0,fire_plate,2
notion_fire_shield_1,1,adhesive,1
notion_fire_sword_1,0,fire_long,1
notion_fire_sword_1,1,handle,1
notion_fire_sword_1,2,adhesive,1
notion_fire_sharp_sword_1,0,fire_sharp_long,1
notion_fire_sharp_sword_1,1,handle,1
notion_fire_sharp_sword_1,2,adhesive,1
notion_fire_dagger_1,0,fire_short,1
notion_fire_dagger_1,1,handle,1
notion_fire_dagger_1,2,adhesive,1
notion_fire_sharp_dagger_1,0,fire_sharp_short,1
notion_fire_sharp_dagger_1,1,handle,1
notion_fire_sharp_dagger_1,2,adhesive,1
notion_fire_sharp_long_1,0,fire_long,1
notion_fire_sharp_sword_2,0,fire_sword,1
notion_fire_sharp_short_1,0,fire_short,1
notion_fire_sharp_dagger_2,0,fire_dagger,1
notion_fire_arrowhead_1,0,fire_sharp_short,1
notion_fire_trimmed_lump_1,0,fire_lump,1
notion_fire_fine_hammer_1,0,fire_hammer,1
notion_fire_arrow_1,0,fire_arrowhead,1
notion_fire_arrow_1,1,trimmed_branch,1
notion_fire_arrow_1,2,wind_feather,1
notion_fire_arrow_1,3,adhesive,1
notion_fire_lump_1,0,fire_hot,1
notion_fire_hammer_1,0,fire_lump,1
notion_fire_hammer_1,1,handle,1
notion_fire_hammer_1,2,rope,1
notion_fire_hammer_1,3,adhesive,1
notion_fire_fine_hammer_2,0,fire_trimmed_lump,1
notion_fire_fine_hammer_2,1,handle,1
notion_fire_fine_hammer_2,2,rope,1
notion_fire_fine_hammer_2,3,adhesive,1
notion_wind_hot_1,0,ore,1
notion_wind_hot_1,1,wind_particle,1
notion_wind_hot_1,2,gale_stone,1
notion_wind_hot_plate_1,0,wind_hot,1
notion_wind_plate_1,0,wind_hot_plate,1
notion_wind_hot_ingot_1,0,wind_hot,1
notion_wind_ingot_1,0,wind_hot_ingot,1
notion_wind_hot_long_1,0,wind_hot,1
notion_wind_long_1,0,wind_hot_long,1
notion_wind_hot_short_1,0,wind_hot,1
notion_wind_short_1,0,wind_hot_short,1
notion_wind_head_1,0,wind_plate,1
notion_wind_head_1,1,leather,1
notion_wind_head_1,2,thread,1
notion_wind_chest_1,0,wind_plate,2
notion_wind_chest_1,1,leather,1
notion_wind_chest_1,2,thread,2
notion_wind_legs_1,0,wind_plate,1
notion_wind_legs_1,1,leather,2
notion_wind_legs_1,2,thread,2
notion_wind_feet_1,0,wind_plate,1
notion_wind_feet_1,1,leather,1
notion_wind_feet_1,2,thread,2
notion_wind_shield_1,0,wind_plate,2
notion_wind_shield_1,1,adhesive,1
notion_wind_sword_1,0,wind_long,1
notion_wind_sword_1,1,handle,1
notion_wind_sword_1,2,adhesive,1
notion_wind_sharp_sword_1,0,wind_sharp_long,1
notion_wind_sharp_sword_1,1,handle,1
notion_wind_sharp_sword_1,2,adhesive,1
notion_wind_dagger_1,0,wind_short,1
notion_wind_dagger_1,1,handle,1
notion_wind_dagger_1,2,adhesive,1
notion_wind_sharp_dagger_1,0,wind_sharp_short,1
notion_wind_sharp_dagger_1,1,handle,1
notion_wind_sharp_dagger_1,2,adhesive,1
notion_wind_sharp_long_1,0,wind_long,1
notion_wind_sharp_sword_2,0,wind_sword,1
notion_wind_sharp_short_1,0,wind_short,1
notion_wind_sharp_dagger_2,0,wind_dagger,1
notion_wind_arrowhead_1,0,wind_sharp_short,1
notion_wind_trimmed_lump_1,0,wind_lump,1
notion_wind_fine_hammer_1,0,wind_hammer,1
notion_wind_arrow_1,0,wind_arrowhead,1
notion_wind_arrow_1,1,trimmed_branch,1
notion_wind_arrow_1,2,wind_feather,1
notion_wind_arrow_1,3,adhesive,1
notion_wind_lump_1,0,wind_hot,1
notion_wind_hammer_1,0,wind_lump,1
notion_wind_hammer_1,1,handle,1
notion_wind_hammer_1,2,rope,1
notion_wind_hammer_1,3,adhesive,1
notion_wind_fine_hammer_2,0,wind_trimmed_lump,1
notion_wind_fine_hammer_2,1,handle,1
notion_wind_fine_hammer_2,2,rope,1
notion_wind_fine_hammer_2,3,adhesive,1
notion_obsidian_arrowhead_1,0,obsidian,1
notion_obsidian_arrow_1,0,obsidian_arrowhead,1
notion_obsidian_arrow_1,1,trimmed_branch,1
notion_obsidian_arrow_1,2,wind_feather,1
notion_obsidian_arrow_1,3,adhesive,1
notion_hot_iron_2,0,cracked,3
notion_hot_iron_3,0,dented,1
notion_hot_iron_3,1,cracked,2
notion_hot_iron_4,0,dented,2
notion_hot_iron_4,1,cracked,1
notion_hot_iron_5,0,dented,3
notion_iron_hot_arrowhead_1,0,hot_iron,1
notion_iron_arrowhead_2,0,iron_hot_arrowhead,1
notion_stone_arrowhead_2,0,stone_scrap,1
notion_hot_iron_recycle_1,0,dented,1
notion_ingot_byproduct_1,0,hot_iron_lump,1
