asset_path,drop_index,prefab_guid,amount,source_status,source_url
Assets/JinHo/Gathering/Data/MonsterDropTables/Dear.asset,0,db5c9ce94279cb64aa47d9ad8671591f,2,existing_asset,
Assets/JinHo/Gathering/Data/MonsterDropTables/Moss Slime.asset,0,fe5073c3dc7c1d144ae42f1e3e3a5237,3,existing_asset,
Assets/JinHo/Gathering/Data/MonsterDropTables/Stone Golem.asset,0,aa4357554969bf94683a1c0df2ad063e,1,existing_asset,
Assets/JinHo/Gathering/Data/MonsterDropTables/Vampire Bat.asset,0,f01566ca0dc89004a966f591cd392662,1,existing_asset,
Assets/JinHo/Gathering/Data/ResourceNodes/CoalResource.asset,0,589f59b4a9e9c3947bdac86c522a2171,3,existing_asset,
Assets/JinHo/Gathering/Data/ResourceNodes/Flame_StoneResource.asset,0,7f031c49461f3a546b1a8b8679be908e,1,existing_asset,
Assets/JinHo/Gathering/Data/ResourceNodes/Floating_OreResource.asset,0,a062ef32120de4b439d9f7914560b41b,1,existing_asset,
Assets/JinHo/Gathering/Data/ResourceNodes/SteelResource.asset,0,bcf854cf47700f744a67ad25ddb8e5c5,3,existing_asset,
Assets/JinHo/Gathering/Data/ResourceNodes/StoneResource.asset,0,ad0f66a6a2ba1624ea51ff654ee0ca8f,2,existing_asset,
Assets/JinHo/Gathering/Data/ResourceNodes/Storm_StoneResource.asset,0,3ecf21a58827b494fbcbe2b26a3d2979,1,existing_asset,
Assets/JinHo/Gathering/Data/ResourceNodes/ThicketResource.asset,0,ec0d664e2b0b99244b6c7e6771ab9887,1,existing_asset,
Assets/JinHo/Gathering/Data/ResourceNodes/ThicketResource.asset,1,63909ec1688ad514e96c146fc9995005,2,existing_asset,
Assets/JinHo/Gathering/Data/ResourceNodes/TreeResource.asset,0,ec0d664e2b0b99244b6c7e6771ab9887,2,existing_asset,
Assets/JinHo/Gathering/Data/ResourceNodes/TreeResource.asset,1,63909ec1688ad514e96c146fc9995005,1,existing_asset,
